STATE,PARLIAMENT CODE,PARLIAMENT,GE12 VOTERS (2008),GE 12 VOTER TURNOUT (2008),GE 12 VOTER TURNOUT (2008) %,GE13 Voters (2013),GE13 VOTER TURNOUT (2013),GE 13 VOTER TURNOUT (2013) %,FEDERAL CONSTITUENCY NAME/BOUNDARY CHANGE SINCE 2013,PARLIAMENT CODE (GE14),PARLIAMENT (GE14),GE14 VOTERS (2018),GE 14 VOTER TURNOUT (2018),GE 14 VOTER TURNOUT (2018) %
PERLIS,P.001,PADANG BESAR,36613,29310,80.05%,41974,36142,86.11%,,P.001,PADANG BESAR,46096,37432,81.20%
PERLIS,P.002,KANGAR,43591,34946,80.17%,51207,43431,84.81%,,P.002,KANGAR,55938,45703,81.70%
PERLIS,P.003,ARAU,39877,33276,83.45%,43876,38439,87.61%,,P.003,ARAU,48187,40433,83.91%
KEDAH,P.004,LANGKAWI,29567,23273,78.71%,37536,32096,85.51%,,P.004,LANGKAWI,42697,35250,82.56%
KEDAH,P.005,JERLUN,45513,37297,81.95%,52383,45899,87.62%,,P.005,JERLUN,54132,44822,82.80%
KEDAH,P.006,KUBANG PASU,53323,42353,79.43%,65550,57296,87.41%,,P.006,KUBANG PASU,73881,61452,83.18%
KEDAH,P.007,PADANG TERAP,35403,30445,86.00%,41960,37904,90.33%,,P.007,PADANG TERAP,46644,39932,85.61%
KEDAH,P.008,POKOK SENA,69631,55318,79.44%,80714,69524,86.14%,Boundary Change since March 2018,P.008,POKOK SENA,86892,71910,82.76%
KEDAH,P.009,ALOR STAR,58957,43206,73.28%,69009,57912,83.92%,Name and Boundary Change since March 2018,P.009,ALOR SETAR,80272,65096,81.09%
KEDAH,P.010,KUALA KEDAH,83132,65750,79.09%,95328,82253,86.28%,Boundary Change since March 2018,P.010,KUALA KEDAH,97753,80555,82.41%
KEDAH,P.011,PENDANG,61346,51645,84.19%,70135,62578,89.23%,,P.011,PENDANG,74867,63371,84.64%
KEDAH,P.012,JERAI,65739,51913,78.97%,74410,64778,87.06%,,P.012,JERAI,79976,66920,83.68%
KEDAH,P.013,SIK,40339,33859,83.94%,46786,42077,89.94%,,P.013,SIK,50385,42772,84.89%
KEDAH,P.014,MERBOK,64443,49718,77.15%,85908,74520,86.74%,Boundary Change since March 2018,P.014,MERBOK,87782,72708,82.83%
KEDAH,P.015,SUNGAI PETANI,76284,59378,77.84%,93176,81024,86.96%,Boundary Change since March 2018,P.015,SUNGAI PETANI,112577,93847,83.36%
KEDAH,P.016,BALING,78784,65764,83.47%,93168,83109,89.20%,,P.016,BALING,107213,92128,85.93%
KEDAH,P.017,PADANG SERAI,59218,47124,79.58%,74095,64584,87.16%,,P.017,PADANG SERAI,84834,71157,83.88%
KEDAH,P.018,KULIM-BANDAR BAHARU,51995,40182,77.28%,60910,52766,86.63%,,P.018,KULIM-BANDAR BAHARU,66587,55390,83.18%
KELANTAN,P.019,TUMPAT,80072,65254,81.49%,98632,82962,84.11%,,P.019,TUMPAT,110924,88733,79.99%
KELANTAN,P.020,PENGKALAN CHEPA,52350,43049,82.23%,64409,54985,85.37%,Boundary Change since March 2018,P.020,PENGKALAN CHEPA,75384,60862,80.74%
KELANTAN,P.021,KOTA BHARU,68261,53710,78.68%,81268,66277,81.55%,,P.021,KOTA BHARU,88708,68306,77.00%
KELANTAN,P.022,PASIR MAS,59640,49344,82.74%,71965,60168,83.61%,Boundary Change since March 2018,P.022,PASIR MAS,71222,55319,77.67%
KELANTAN,P.023,RANTAU PANJANG,45384,35451,78.11%,52903,41934,79.27%,Boundary Change since March 2018,P.023,RANTAU PANJANG,66115,49639,75.08%
KELANTAN,P.024,KUBANG KERIAN,53496,44474,83.14%,65390,55108,84.28%,Boundary Change since March 2018,P.024,KUBANG KERIAN,82018,64867,79.09%
KELANTAN,P.025,BACHOK,64808,55724,85.98%,81566,71792,88.02%,,P.025,BACHOK,92606,75945,82.01%
KELANTAN,P.026,KETEREH,52240,44377,84.95%,62217,53906,86.64%,Boundary Change since March 2018,P.026,KETEREH,65238,54404,83.39%
KELANTAN,P.027,TANAH MERAH,44347,36126,81.46%,58237,50009,85.87%,Boundary Change since March 2018,P.027,TANAH MERAH,73172,59598,81.45%
KELANTAN,P.028,PASIR PUTEH,64393,53778,83.52%,76259,66232,86.85%,,P.028,PASIR PUTEH,85411,69745,81.66%
KELANTAN,P.029,MACHANG,49157,41494,84.41%,59226,51372,86.74%,,P.029,MACHANG,68387,56320,82.35%
KELANTAN,P.030,JELI,36298,30555,84.18%,43224,37871,87.62%,Boundary Change since March 2018,P.030,JELI,47470,39627,83.48%
KELANTAN,P.031,KUALA KRAI,52250,43013,82.32%,63101,54643,86.60%,,P.031,KUALA KRAI,70348,56278,80.00%
KELANTAN,P.032,GUA MUSANG,28986,24283,83.77%,40176,35097,87.36%,,P.032,GUA MUSANG,52524,41206,78.45%
TERENGGANU,P.033,BESUT,58353,49303,84.49%,72566,63017,86.84%,,P.033,BESUT,86627,72323,83.49%
TERENGGANU,P.034,SETIU,54520,46821,85.88%,67280,59262,88.08%,Boundary Change since March 2018,P.034,SETIU,86247,73673,85.42%
TERENGGANU,P.035,KUALA NERUS,61214,52539,85.83%,76238,68036,89.24%,Boundary Change since March 2018,P.035,KUALA NERUS,83663,73211,87.51%
TERENGGANU,P.036,KUALA TERENGGANU,80325,66231,82.45%,94406,82122,86.99%,,P.036,KUALA TERENGGANU,103611,87786,84.73%
TERENGGANU,P.037,MARANG,74813,65008,86.89%,90795,81829,90.13%,,P.037,MARANG,104898,92046,87.75%
TERENGGANU,P.038,HULU TERENGGANU,52515,45971,87.54%,63543,56634,89.13%,,P.038,HULU TERENGGANU,73487,63428,86.31%
TERENGGANU,P.039,DUNGUN,64851,54464,83.98%,78174,68204,87.25%,,P.039,DUNGUN,90506,76706,84.75%
TERENGGANU,P.040,KEMAMAN,75006,62868,83.82%,91942,80168,87.19%,,P.040,KEMAMAN,107593,92007,85.51%
PULAU PINANG,P.041,KEPALA BATAS,43019,36328,84.45%,51635,46740,90.52%,,P.041,KEPALA BATAS,60523,53127,87.78%
PULAU PINANG,P.042,TASEK GELUGOR,44466,37308,83.90%,54042,48121,89.04%,,P.042,TASEK GELUGOR,60850,52890,86.92%
PULAU PINANG,P.043,BAGAN,59385,46227,77.84%,68503,59792,87.28%,,P.043,BAGAN,71583,60642,84.72%
PULAU PINANG,P.044,PERMATANG PAUH,58449,47963,82.06%,71699,63475,88.53%,,P.044,PERMATANG PAUH,81789,70686,86.42%
PULAU PINANG,P.045,BUKIT MERTAJAM,64080,50823,79.31%,78996,69588,88.09%,,P.045,BUKIT MERTAJAM,88998,75977,85.37%
PULAU PINANG,P.046,BATU KAWAN,47378,37292,78.71%,57500,50208,87.32%,,P.046,BATU KAWAN,65394,55479,84.84%
PULAU PINANG,P.047,NIBONG TEBAL,47540,38129,80.20%,59345,52599,88.63%,,P.047,NIBONG TEBAL,73383,63199,86.12%
PULAU PINANG,P.048,BUKIT BENDERA,64545,47105,72.98%,71085,59118,83.17%,,P.048,BUKIT BENDERA,75069,60429,80.50%
PULAU PINANG,P.049,TANJONG,53188,38734,72.82%,51487,42903,83.33%,,P.049,TANJONG,49586,40130,80.93%
PULAU PINANG,P.050,JELUTONG,61181,46406,75.85%,71247,61715,86.62%,,P.050,JELUTONG,76991,64584,83.89%
PULAU PINANG,P.051,BUKIT GELUGOR,65614,50553,77.05%,81897,70683,86.31%,,P.051,BUKIT GELUGOR,91595,76489,83.51%
PULAU PINANG,P.052,BAYAN BARU,60713,46418,76.45%,79155,68846,86.98%,,P.052,BAYAN BARU,90780,75884,83.59%
PULAU PINANG,P.053,BALIK PULAU,39765,31391,78.94%,49641,43773,88.18%,,P.053,BALIK PULAU,59086,50564,85.58%
PERAK,P.054,GERIK,26229,20493,78.13%,32725,27414,83.77%,,P.054,GERIK,35903,28032,78.08%
PERAK,P.055,LENGGONG,23233,17436,75.05%,27950,23736,84.92%,,P.055,LENGGONG,29752,23719,79.72%
PERAK,P.056,LARUT,39697,30589,77.06%,46577,40100,86.09%,,P.056,LARUT,49453,40470,81.84%
PERAK,P.057,PARIT BUNTAR,45219,35592,78.71%,51422,44306,86.16%,,P.057,PARIT BUNTAR,51860,43347,83.58%
PERAK,P.058,BAGAN SERAI,47111,36237,76.92%,54792,46384,84.65%,,P.058,BAGAN SERAI,59293,48381,81.60%
PERAK,P.059,BUKIT GANTANG,55471,40301,72.65%,71257,61018,85.63%,Boundary Change since March 2018,P.059,BUKIT GANTANG,69873,57867,82.82%
PERAK,P.060,TAIPING,65889,47123,71.52%,78148,63913,81.78%,Boundary Change since March 2018,P.060,TAIPING,90729,71297,78.58%
PERAK,P.061,PADANG RENGAS,24397,18350,75.21%,28518,24230,84.96%,,P.061,PADANG RENGAS,30996,25698,82.91%
PERAK,P.062,SUNGAI SIPUT,47424,33154,69.91%,51596,41617,80.66%,,P.062,SUNGAI SIPUT,55002,43662,79.38%
PERAK,P.063,TAMBUN,68966,51844,75.17%,89435,76275,85.29%,Boundary Change since March 2018,P.063,TAMBUN,107763,88920,82.51%
PERAK,P.064,IPOH TIMOR,76647,53994,70.45%,81818,65217,79.71%,Boundary Change since March 2018,P.064,IPOH TIMOR,91486,71726,78.40%
PERAK,P.065,IPOH BARAT,69773,50641,72.58%,77761,63074,81.11%,Boundary Change since March 2018,P.065,IPOH BARAT,84874,66852,78.77%
PERAK,P.066,BATU GAJAH,77313,56270,72.78%,87587,70270,80.23%,Boundary Change since March 2018,P.066,BATU GAJAH,81399,63804,78.38%
PERAK,P.067,KUALA KANGSAR,28325,20773,73.34%,33540,28283,84.33%,,P.067,KUALA KANGSAR,36954,30701,83.08%
PERAK,P.068,BERUAS,43273,30821,71.22%,49205,39586,80.45%,Boundary Change since March 2018,P.068,BERUAS,79794,61617,77.22%
PERAK,P.069,PARIT,28859,22598,78.30%,33503,28613,85.40%,,P.069,PARIT,35910,29547,82.28%
PERAK,P.070,KAMPAR,59784,38953,65.16%,63619,49272,77.45%,Boundary Change since March 2018,P.070,KAMPAR,69436,53567,77.15%
PERAK,P.071,GOPENG,74344,53303,71.70%,97092,81442,83.88%,Boundary Change since March 2018,P.071,GOPENG,99167,80532,81.21%
PERAK,P.072,TAPAH,38236,26811,70.12%,45485,36957,81.25%,Boundary Change since March 2018,P.072,TAPAH,47128,37113,78.75%
PERAK,P.073,PASIR SALAK,42712,32119,75.20%,51498,43533,84.53%,,P.073,PASIR SALAK,54671,44508,81.41%
PERAK,P.074,LUMUT,72763,55930,76.87%,88300,73756,83.53%,Boundary Change since March 2018,P.074,LUMUT,67157,55042,81.96%
PERAK,P.075,BAGAN DATOK,34670,24414,70.42%,39924,33069,82.83%,Name Change since March 2018,P.075,BAGAN DATUK,47309,37796,79.89%
PERAK,P.076,TELOK INTAN,52354,36739,70.17%,60483,48839,80.75%,Name Change since March 2018,P.076,TELUK INTAN,66487,54601,82.12%
PERAK,P.077,TANJONG MALIM,53481,38107,71.25%,64499,53399,82.79%,,P.077,TANJONG MALIM,68468,55613,81.22%
PAHANG,P.078,CAMERON HIGHLANDS,23461,16456,70.14%,27980,22754,81.32%,,P.078,CAMERON HIGHLANDS,32048,25326,79.03%
PAHANG,P.079,LIPIS,28425,21758,76.55%,32324,27126,83.92%,,P.079,LIPIS,35294,28666,81.22%
PAHANG,P.080,RAUB,46454,34459,74.18%,54214,45059,83.11%,,P.080,RAUB,57723,46971,81.37%
PAHANG,P.081,JERANTUT,48812,38078,78.01%,58364,49600,84.98%,,P.081,JERANTUT,63609,51414,80.83%
PAHANG,P.082,INDERA MAHKOTA,51235,39677,77.44%,64219,54737,85.23%,,P.082,INDERA MAHKOTA,77208,64612,83.69%
PAHANG,P.083,KUANTAN,47745,35772,74.92%,56280,47858,85.04%,,P.083,KUANTAN,62696,52167,83.21%
PAHANG,P.084,PAYA BESAR,39882,30888,77.45%,48067,40834,84.95%,,P.084,PAYA BESAR,55135,44942,81.51%
PAHANG,P.085,PEKAN,58217,47870,82.23%,80260,68464,85.30%,,P.085,PEKAN,88899,72308,81.34%
PAHANG,P.086,MARAN,32517,25672,78.95%,38436,32750,85.21%,,P.086,MARAN,41036,33363,81.30%
PAHANG,P.087,KUALA KRAU,34139,27594,80.83%,43003,37663,87.58%,,P.087,KUALA KRAU,47264,39102,82.73%
PAHANG,P.088,TEMERLOH,54010,41463,76.77%,66105,56595,85.61%,,P.088,TEMERLOH,75081,62204,82.85%
PAHANG,P.089,BENTONG,53651,39168,73.01%,62266,52628,84.52%,,P.089,BENTONG,67359,56173,83.39%
PAHANG,P.090,BERA,42993,33123,77.04%,50997,42944,84.21%,,P.090,BERA,58711,48339,82.33%
PAHANG,P.091,ROMPIN,41701,32930,78.97%,53596,46014,85.85%,,P.091,ROMPIN,61918,50905,82.21%
SELANGOR,P.092,SABAK BERNAM,31381,23581,75.14%,37318,31859,85.37%,,P.092,SABAK BERNAM,40863,34023,83.26%
SELANGOR,P.093,SUNGAI BESAR,34073,27927,81.96%,42837,37810,88.26%,,P.093,SUNGAI BESAR,48739,41878,85.92%
SELANGOR,P.094,HULU SELANGOR,63593,47845,75.24%,85697,75113,87.65%,,P.094,HULU SELANGOR,100990,86798,85.95%
SELANGOR,P.095,TANJONG KARANG,36391,29052,79.83%,42333,37768,89.22%,Boundary Change since March 2018,P.095,TANJONG KARANG,47198,41184,87.26%
SELANGOR,P.096,KUALA SELANGOR,47203,37671,79.81%,62298,55592,89.24%,Boundary Change since March 2018,P.096,KUALA SELANGOR,69397,60843,87.67%
SELANGOR,P.097,SELAYANG,79557,60920,76.57%,105895,92528,87.38%,Boundary Change since March 2018,P.097,SELAYANG,116176,99450,85.60%
SELANGOR,P.098,GOMBAK,99153,75619,76.26%,123290,107140,86.90%,Boundary Change since March 2018,P.098,GOMBAK,141112,120548,85.43%
SELANGOR,P.099,AMPANG,69132,51097,73.91%,83135,71574,86.09%,Boundary Change since March 2018,P.099,AMPANG,91737,77539,84.52%
SELANGOR,P.100,PANDAN,64497,48309,74.90%,83857,73228,87.32%,Boundary Change since March 2018,P.100,PANDAN,101319,86514,85.39%
SELANGOR,P.101,HULU LANGAT,90319,72322,80.07%,127347,112856,88.62%,Boundary Change since March 2018,P.101,HULU LANGAT,102363,89577,87.51%
SELANGOR,P.102,SERDANG,94877,76236,80.35%,133139,118339,88.88%,Name and Boundary Change since March 2018,P.102,BANGI,178790,157933,88.33%
SELANGOR,P.103,PUCHONG,75625,59317,78.44%,107010,94529,88.34%,Boundary Change since March 2018,P.103,PUCHONG,96437,84357,87.47%
SELANGOR,P.104,KELANA JAYA,79648,58625,73.61%,101236,86497,85.44%,Name and Boundary Change since March 2018,P.104,SUBANG,146422,126883,86.66%
SELANGOR,P.105,PETALING JAYA SELATAN,73192,52631,71.91%,79558,65323,82.11%,Name and Boundary Change since March 2018,P.105,PETALING JAYA,140920,116597,82.74%
SELANGOR,P.106,PETALING JAYA UTARA,76618,56295,73.47%,85401,70727,82.82%,Name and Boundary Change since March 2018,P.106,DAMANSARA,164322,137639,83.76%
SELANGOR,P.107,SUBANG,84414,65681,77.81%,128543,112937,87.86%,Name and Boundary Change since March 2018,P.107,SUNGAI BULOH,90707,78874,86.95%
SELANGOR,P.108,SHAH ALAM,75334,58361,77.47%,99957,88128,88.17%,Boundary Change since March 2018,P.108,SHAH ALAM,107316,94241,87.82%
SELANGOR,P.109,KAPAR,112224,87286,77.78%,144159,127023,88.11%,Boundary Change since March 2018,P.109,KAPAR,124983,107829,86.27%
SELANGOR,P.110,KLANG,78816,59323,75.27%,97073,84219,86.76%,Boundary Change since March 2018,P.110,KLANG,149348,128536,86.06%
SELANGOR,P.111,KOTA RAJA,71887,57323,79.74%,105909,92729,87.56%,Boundary Change since March 2018,P.111,KOTA RAJA,149021,129412,86.84%
SELANGOR,P.112,KUALA LANGAT,66515,53935,81.09%,88474,78726,88.98%,,P.112,KUALA LANGAT,102406,89437,87.34%
SELANGOR,P.113,SEPANG,62044,49137,79.20%,84362,75135,89.06%,,P.113,SEPANG,104508,92087,88.11%
W.P KUALA LUMPUR,P.114,KEPONG,60775,47508,78.17%,68035,58585,86.11%,Boundary Change since March 2018,P.114,KEPONG,72696,61812,85.03%
W.P KUALA LUMPUR,P.115,BATU,70544,51303,72.72%,85402,72147,84.48%,Boundary Change since March 2018,P.115,BATU,76328,63600,83.32%
W.P KUALA LUMPUR,P.116,WANGSA MAJU,54509,39798,73.01%,67775,58291,86.01%,Boundary Change since March 2018,P.116,WANGSA MAJU,88482,74509,84.21%
W.P KUALA LUMPUR,P.117,SEGAMBUT,59690,43531,72.93%,75631,64184,84.86%,Boundary Change since March 2018,P.117,SEGAMBUT,77956,65265,83.72%
W.P KUALA LUMPUR,P.118,SETIAWANGSA,57161,45096,78.89%,62309,52910,84.92%,Boundary Change since March 2018,P.118,SETIAWANGSA,72136,61884,85.79%
W.P KUALA LUMPUR,P.119,TITIWANGSA,49892,33933,68.01%,55282,45631,82.54%,,P.119,TITIWANGSA,61598,50858,82.56%
W.P KUALA LUMPUR,P.120,BUKIT BINTANG,59986,40441,67.42%,55721,41824,75.06%,Boundary Change since March 2018,P.120,BUKIT BINTANG,69526,52765,75.89%
W.P KUALA LUMPUR,P.121,LEMBAH PANTAI,56650,41289,72.88%,72396,61048,84.33%,Boundary Change since March 2018,P.121,LEMBAH PANTAI,80346,67059,83.46%
W.P KUALA LUMPUR,P.122,SEPUTEH,76891,58207,75.70%,85976,71859,83.58%,Boundary Change since March 2018,P.122,SEPUTEH,86256,70583,81.83%
W.P KUALA LUMPUR,P.123,CHERAS,68725,50571,73.58%,72551,59492,82.00%,Boundary Change since March 2018,P.123,CHERAS,78819,64074,81.29%
W.P KUALA LUMPUR,P.124,BANDAR TUN RAZAK,72628,54995,75.72%,90993,78157,85.89%,Boundary Change since March 2018,P.124,BANDAR TUN RAZAK,83650,71180,85.09%
W.P PUTRAJAYA,P.125,PUTRAJAYA,6608,5416,81.96%,15791,14465,91.60%,,P.125,PUTRAJAYA,27306,24881,91.12%
NEGERI SEMBILAN,P.126,JELEBU,38682,29029,75.05%,44937,38020,84.61%,,P.126,JELEBU,48522,39733,81.89%
NEGERI SEMBILAN,P.127,JEMPOL,53478,39322,73.53%,65213,54858,84.12%,,P.127,JEMPOL,72122,58523,81.14%
NEGERI SEMBILAN,P.128,SEREMBAN,84675,64437,76.10%,102305,87617,85.64%,Boundary Change since March 2018,P.128,SEREMBAN,110168,93254,84.65%
NEGERI SEMBILAN,P.129,KUALA PILAH,42328,31734,74.97%,47671,40921,85.84%,,P.129,KUALA PILAH,49801,41156,82.64%
NEGERI SEMBILAN,P.130,RASAH,72115,56654,78.56%,88403,75860,85.81%,Boundary Change since March 2018,P.130,RASAH,102838,86655,84.26%
NEGERI SEMBILAN,P.131,REMBAU,62896,48901,77.75%,79661,69548,87.30%,,P.131,REMBAU,88365,75315,85.23%
NEGERI SEMBILAN,P.132,TELOK KEMANG,60186,46613,77.45%,70524,59984,85.05%,,P.132,PORT DICKSON,75212,62548,83.16%
NEGERI SEMBILAN,P.133,TAMPIN,47655,36331,76.24%,57268,48799,85.21%,,P.133,TAMPIN,60765,49515,81.49%
MELAKA,P.134,MASJID TANAH,40606,31715,78.10%,45952,39827,86.67%,,P.134,MASJID TANAH,51441,43093,83.77%
MELAKA,P.135,ALOR GAJAH,54097,41854,77.37%,63591,55131,86.70%,,P.135,ALOR GAJAH,70364,59000,83.85%
MELAKA,P.136,TANGGA BATU,60188,49675,82.53%,73282,64426,87.92%,,P.136,TANGGA BATU,83213,70453,84.67%
MELAKA,P.137,BUKIT KATIL,75777,62073,81.92%,99438,88271,88.77%,Name and Boundary Change since March 2018,P.137,HANG TUAH JAYA,89364,77758,87.01%
MELAKA,P.138,KOTA MELAKA,84805,67479,79.57%,92322,79651,86.28%,Boundary Change since March 2018,P.138,KOTA MELAKA,126848,107085,84.42%
MELAKA,P.139,JASIN,56121,44654,79.57%,64455,56856,88.21%,,P.139,JASIN,73432,62912,85.67%
JOHOR,P.140,SEGAMAT,40708,29699,72.96%,47009,39895,84.87%,,P.140,SEGAMAT,55350,46170,83.41%
JOHOR,P.141,SEKIJANG,35138,26716,76.03%,43066,37519,87.12%,,P.141,SEKIJANG,45596,38527,84.50%
JOHOR,P.142,LABIS,33468,24080,71.95%,37714,32027,84.92%,,P.142,LABIS,40356,33146,82.13%
JOHOR,P.143,PAGOH,40042,30313,75.70%,46793,40613,86.79%,Boundary Change since March 2018,P.143,PAGOH,51512,43667,84.77%
JOHOR,P.144,LEDANG,58501,44556,76.16%,69316,60382,87.11%,,P.144,LEDANG,77474,66708,86.10%
JOHOR,P.145,BAKRI,56372,43168,76.58%,67202,58453,86.98%,Boundary Change since March 2018,P.145,BAKRI,73883,62632,84.77%
JOHOR,P.146,MUAR,41019,30275,73.81%,48208,40992,85.03%,,P.146,MUAR,50843,42868,84.31%
JOHOR,P.147,PARIT SULONG,50234,39637,78.90%,56896,49855,87.62%,,P.147,PARIT SULONG,59609,50778,85.19%
JOHOR,P.148,AYER HITAM,34805,27488,78.98%,42913,37841,88.18%,Boundary Change since March 2018,P.148,AYER HITAM,46157,39474,85.52%
JOHOR,P.149,SRI GADING,36845,29266,79.43%,44816,39899,89.03%,Boundary Change since March 2018,P.149,SRI GADING,52119,45193,86.71%
JOHOR,P.150,BATU PAHAT,70069,54103,77.21%,88272,77202,87.46%,,P.150,BATU PAHAT,98543,83574,84.81%
JOHOR,P.151,SIMPANG RENGGAM,34859,25998,74.58%,40143,34754,86.58%,,P.151,SIMPANG RENGGAM,43998,36695,83.40%
JOHOR,P.152,KLUANG,71233,54567,76.60%,86732,75262,86.78%,,P.152,KLUANG,96915,81841,84.45%
JOHOR,P.153,SEMBRONG,33181,25211,75.98%,41588,35910,86.35%,,P.153,SEMBRONG,44137,36768,83.30%
JOHOR,P.154,MERSING,36445,27548,75.59%,44497,37393,84.03%,,P.154,MERSING,48176,38306,79.51%
JOHOR,P.155,TENGGARA,32297,25784,79.83%,39694,34946,88.04%,,P.155,TENGGARA,44749,37818,84.51%
JOHOR,P.156,KOTA TINGGI,34190,27109,79.29%,41894,36943,88.18%,,P.156,KOTA TINGGI,46677,39418,84.45%
JOHOR,P.157,PENGERANG,33002,Uncontested,#VALUE!,37999,33067,87.02%,,P.157,PENGERANG,40479,33580,82.96%
JOHOR,P.158,TEBRAU,62505,48700,77.91%,90482,79835,88.23%,,P.158,TEBRAU,123033,105420,85.68%
JOHOR,P.159,PASIR GUDANG,72862,55891,76.71%,101041,88550,87.64%,,P.159,PASIR GUDANG,124172,106576,85.83%
JOHOR,P.160,JOHOR BAHRU,89725,62440,69.59%,96321,79965,83.02%,,P.160,JOHOR BAHRU,101409,81645,80.51%
JOHOR,P.161,PULAI,79622,56863,71.42%,100490,85924,85.51%,Boundary Change since March 2018,P.161,PULAI,106268,88116,82.92%
JOHOR,P.162,GELANG PATAH,78676,60728,77.19%,106726,95068,89.08%,Name and Boundary Change since March 2018,P.162,ISKANDAR PUTERI,138299,118779,85.89%
JOHOR,P.163,KULAI,67358,53676,79.69%,83991,75015,89.31%,Boundary Change since March 2018,P.163,KULAI,99147,85687,86.42%
JOHOR,P.164,PONTIAN,43264,32806,75.83%,49633,42831,86.30%,Boundary Change since March 2018,P.164,PONTIAN,55570,46683,84.01%
JOHOR,P.165,TANJONG PIAI,45701,35564,77.82%,51875,45622,87.95%,Name and Boundary Change since March 2018,P.165,TANJUNG PIAI,53528,45858,85.67%
W.P LABUAN,P.166,LABUAN,20783,14149,68.08%,24474,19377,79.17%,,P.166,LABUAN,28356,21729,76.63%
SABAH,P.167,KUDAT,39643,26551,66.98%,47249,36421,77.08%,,P.167,KUDAT,52251,38205,73.12%
SABAH,P.168,KOTA MARUDU,31938,22199,69.51%,42197,33125,78.50%,,P.168,KOTA MARUDU,47007,35231,74.95%
SABAH,P.169,KOTA BELUD,43071,33710,78.27%,51467,43502,84.52%,,P.169,KOTA BELUD,57919,47565,82.12%
SABAH,P.170,TUARAN,40761,30563,74.98%,48276,40849,84.62%,,P.170,TUARAN,54400,44834,82.42%
SABAH,P.171,SEPANGGAR,39251,26990,68.76%,53374,43500,81.50%,,P.171,SEPANGGAR,62415,49012,78.53%
SABAH,P.172,KOTA KINABALU,43714,28017,64.09%,50516,39548,78.29%,,P.172,KOTA KINABALU,56220,42973,76.44%
SABAH,P.173,PUTATAN,34935,23296,66.68%,37490,29936,79.85%,,P.173,PUTATAN,41312,31865,77.13%
SABAH,P.174,PENAMPANG,35821,25552,71.33%,44323,36882,83.21%,,P.174,PENAMPANG,53131,43659,82.17%
SABAH,P.175,PAPAR,32979,24913,75.54%,38771,33262,85.79%,,P.175,PAPAR,43586,36540,83.83%
SABAH,P.176,KIMANIS,22239,17367,78.09%,26628,23170,87.01%,,P.176,KIMANIS,29618,25519,86.16%
SABAH,P.177,BEAUFORT,26788,19346,72.22%,30097,26000,86.39%,,P.177,BEAUFORT,33342,28154,84.44%
SABAH,P.178,SIPITANG,24145,18211,75.42%,29177,24387,83.58%,,P.178,SIPITANG,31882,25483,79.93%
SABAH,P.179,RANAU,30810,22201,72.06%,39053,31458,80.55%,,P.179,RANAU,43706,33904,77.57%
SABAH,P.180,KENINGAU,35578,25956,72.96%,43691,36144,82.73%,,P.180,KENINGAU,51177,40913,79.94%
SABAH,P.181,TENOM,20874,15705,75.24%,25304,20944,82.77%,,P.181,TENOM,29182,23027,78.91%
SABAH,P.182,PENSIANGAN,19712,Uncontested,#VALUE!,26194,21391,81.66%,,P.182,PENSIANGAN,31377,24955,79.53%
SABAH,P.183,BELURAN,19181,12349,64.38%,24688,18915,76.62%,,P.183,BELURAN,28509,21606,75.79%
SABAH,P.184,LIBARAN,31435,20536,65.33%,39772,32119,80.76%,,P.184,LIBARAN,47914,37248,77.74%
SABAH,P.185,BATU SAPI,26004,16398,63.06%,30199,23400,77.49%,,P.185,BATU SAPI,32574,24029,73.77%
SABAH,P.186,SANDAKAN,32847,20048,61.03%,37058,27923,75.35%,,P.186,SANDAKAN,39777,28668,72.07%
SABAH,P.187,KINABATANGAN,19554,12814,65.53%,24748,19997,80.80%,,P.187,KINABATANGAN,28730,22257,77.47%
SABAH,P.188,SILAM,43488,27557,63.37%,51662,39663,76.77%,,P.188,SILAM,60942,44294,72.68%
SABAH,P.189,SEMPORNA,35216,22209,63.07%,41549,31595,76.04%,,P.189,SEMPORNA,48248,34613,71.74%
SABAH,P.190,TAWAU,42560,27071,63.61%,51538,39787,77.20%,,P.190,TAWAU,59919,43861,73.20%
SABAH,P.191,KALABAKAN,22087,Uncontested,#VALUE!,46793,36230,77.43%,,P.191,KALABAKAN,52199,38041,72.88%
SARAWAK,P.192,MAS GADING,21968,14800,67.37%,25771,20384,79.10%,,P.192,MAS GADING,29617,22822,77.06%
SARAWAK,P.193,SANTUBONG,30836,19959,64.73%,37017,29286,79.12%,,P.193,SANTUBONG,45628,33868,74.23%
SARAWAK,P.194,PETRA JAYA,40533,25027,61.74%,49750,38170,76.72%,,P.194,PETRA JAYA,57925,43513,75.12%
SARAWAK,P.195,BANDAR KUCHING,53216,36257,68.13%,53336,40879,76.64%,Boundary Change since December 2015,P.195,BANDAR KUCHING,81856,61483,75.11%
SARAWAK,P.196,STAMPIN,67257,43922,65.30%,84732,65515,77.32%,Boundary Change since December 2015,P.196,STAMPIN,66240,52550,79.33%
SARAWAK,P.197,KOTA SAMARAHAN,28517,21428,75.14%,38158,31612,82.85%,,P.197,KOTA SAMARAHAN,46300,36551,78.94%
SARAWAK,P.198,MAMBONG,36147,22306,61.71%,42344,32695,77.21%,Name Change since December 2015,P.198,PUNCAK BORNEO,46180,35142,76.10%
SARAWAK,P.199,SERIAN,27901,18516,66.36%,33713,26562,78.79%,,P.199,SERIAN,37629,27880,74.09%
SARAWAK,P.200,BATANG SADONG,16794,11120,66.21%,19839,15521,78.23%,,P.200,BATANG SADONG,23213,17349,74.74%
SARAWAK,P.201,BATANG LUPAR,22417,14393,64.21%,27360,20754,75.86%,,P.201,BATANG LUPAR,29811,20603,69.11%
SARAWAK,P.202,SRI AMAN,25724,15513,60.31%,29789,22409,75.23%,,P.202,SRI AMAN,33016,23379,70.81%
SARAWAK,P.203,LUBOK ANTU,17190,12038,70.03%,19303,15166,78.57%,,P.203,LUBOK ANTU,20801,14785,71.08%
SARAWAK,P.204,BETONG,22088,15953,72.22%,26322,20439,77.65%,,P.204,BETONG,29145,21165,72.62%
SARAWAK,P.205,SARATOK,23982,16467,68.66%,27562,22136,80.31%,,P.205,SARATOK,30517,23084,75.64%
SARAWAK,P.206,TANJONG MANIS,n/a,Uncontested,#VALUE!,19215,14402,74.95%,,P.206,TANJONG MANIS,21899,14425,65.87%
SARAWAK,P.207,IGAN,n/a,Uncontested,#VALUE!,17771,13898,78.21%,,P.207,IGAN,19592,12996,66.33%
SARAWAK,P.208,SARIKEI,31675,22246,70.23%,36550,28353,77.57%,,P.208,SARIKEI,39561,30895,78.09%
SARAWAK,P.209,JULAU,20306,13313,65.56%,22522,16973,75.36%,,P.209,JULAU,25380,18569,73.16%
SARAWAK,P.210,KANOWIT,n/a,Uncontested,#VALUE!,19433,13759,70.80%,,P.210,KANOWIT,21022,15149,72.06%
SARAWAK,P.211,LANANG,n/a,Uncontested,#VALUE!,57143,44956,78.67%,,P.211,LANANG,61973,46419,74.90%
SARAWAK,P.212,SIBU,53679,36379,67.77%,64601,51588,79.86%,,P.212,SIBU,74149,57689,77.80%
SARAWAK,P.213,MUKAH,22851,14435,63.17%,26477,19879,75.08%,,P.213,MUKAH,30608,21205,69.28%
SARAWAK,P.214,SELANGAU,n/a,Uncontested,#VALUE!,25461,20753,81.51%,,P.214,SELANGAU,30026,22352,74.44%
SARAWAK,P.215,KAPIT,n/a,Uncontested,#VALUE!,26195,17474,66.71%,,P.215,KAPIT,30658,18485,60.29%
SARAWAK,P.216,HULU RAJANG,17696,11164,63.09%,21686,14763,68.08%,,P.216,HULU RAJANG,27520,17727,64.41%
SARAWAK,P.217,BINTULU,23628,8663,36.66%,59893,45968,76.75%,,P.217,BINTULU,65049,48036,73.85%
SARAWAK,P.218,SIBUTI,22143,13030,58.84%,28351,20947,73.88%,,P.218,SIBUTI,31868,22697,71.22%
SARAWAK,P.219,MIRI,55963,33969,60.70%,71170,52813,74.21%,,P.219,MIRI,80386,58439,72.70%
SARAWAK,P.220,BARAM,24425,12126,49.65%,29385,18796,63.96%,,P.220,BARAM,35685,22806,63.91%
SARAWAK,P.221,LIMBANG,20315,12380,60.94%,24278,17912,73.78%,,P.221,LIMBANG,26409,17802,67.41%
SARAWAK,P.222,LAWAS,15717,9342,59.44%,18845,14113,74.89%,Boundary Change since December 2015,P.222,LAWAS,21297,14550,68.32%
