STATE,PARLIAMENTARY CODE,PARLIAMENTARY NAME,BN,BN CANDIDATE,BN CANDIDATE GENDER,BN CANDIDATE AGE,BN (%),PH,PH CANDIDATE,PH CANDIDATE GENDER,PH CANDIDATE AGE,PH (%),GS,GS CANDIDATE,GS CANDIDATE GENDER,GS CANDIDATE AGE,GS (%),OTHER PARTY (1),OTHER PARTY (1) CANDIDATE,OTHER PARTY (1) CANDIDATE GENDER,OTHER PARTY (1) CANDIDATE AGE,OTHER PARTY (1) VOTE (%),OTHER PARTY (2),OTHER PARTY (2) CANDIDATE,OTHER PARTY (2) CANDIDATE GENDER,OTHER PARTY (2) CANDIDATE AGE,OTHER PARTY (2) VOTE (%),OTHER PARTY (3),OTHER PARTY (3) CANDIDATE,OTHER PARTY (3) CANDIDATE GENDER,OTHER PARTY (3) CANDIDATE AGE,OTHER PARTY (3) VOTE (%),OTHER PARTY (4),OTHER PARTY (4) CANDIDATE,OTHER PARTY (4) CANDIDATE GENDER,OTHER PARTY (4) CANDIDATE AGE,OTHER PARTY (4) VOTE (%),INDEPENDENT 1,INDEPENDENT 1 CANDIDATE,INDEPENDENT 1 CANDIDATE GENDER,INDEPENDENT 1 CANDIDATE AGE,INDEPENDENT 1 VOTE (%),INDEPENDENT 2,INDEPENDENT 2 CANDIDATE,INDEPENDENT 2 CANDIDATE GENDER,INDEPENDENT 2 CANDIDATE AGE,INDEPENDENT 2 VOTE (%),REJECTED VOTES (%),UNRETURNED BALLOTS (%)
PERLIS,P.001,PADANG BESAR,UMNO,DATUK ZAHIDI BIN ZAINUL ABIDIN,MALE,57,39.70,PPBM,IZIZAM BIN IBRAHIM,MALE,,17.73,PAS,USTAZ MOKHTAR SENIK,MALE,54,12.01,,,,,,,,,,,,,,,,,,,,,,,,,,,,,,,13.84,16.70
PERLIS,P.002,KANGAR,UMNO,RAMLI SHARIFF,MALE,,39.39,PKR,AMIN AHMAD,MALE,36,20.26,PAS,USTAZ ZAHID IBRAHIM,MALE,35,16.91,,,,,,,,,,,,,,,,,,,,,,,,,,,,,,,7.18,16.27
PERLIS,P.003,ARAU,UMNO,SHAHIDAN BIN KASSIM,MALE,67,50.19,PPBM,DATO' DR. HAJI ABD RAHMAN BIN DAUD,MALE,,14.33,PAS,USTAZ HASHIM JASIN,MALE,79,18.82,,,,,,,,,,,,,,,,,,,,,,,,,,,,,,,3.75,12.92
KEDAH,P.004,LANGKAWI,UMNO,DATO' IR. NAWAWI BIN AHMAD,MALE,57,43.39,PPBM,DR MAHATHIR BIN MOHAMAD,MALE,93,28.96,PAS,ZUBIR BIN AHMAD,MALE,55,8.85,,,,,,,,,,,,,,,,,,,,,,,,,,,,,,,10.82,7.98
KEDAH,P.005,JERLUN,UMNO,OTHMAN BIN AZIZ,MALE,59,24.32,PPBM,MUKHRIZ MAHATHIR,MALE,54,32.86,PAS,ABD. GHANI BIN AHMAD,MALE,48,19.78,,,,,,,,,,,,,,,,,,,,,,,,,,,,,,,6.27,16.76
KEDAH,P.006,KUBANG PASU,UMNO,DATO' SRI MOHD JOHARI BIN BAHARUM,MALE,,36.76,PPBM,DATO' AMIRUDDIN HAMZAH,MALE,56,31.14,PAS,NORHAFIZA BINTI FADZIL,FEMALE,42,16.48,,,,,,,,,,,,,,,,,,,,,,,,,,,,,,,4.82,10.80
KEDAH,P.007,PADANG TERAP,UMNO,DATO' SERI MAHDZIR KHALID,MALE,58,39.84,PAN,KHAIRIZAL KHAZALI,MALE,37,11.59,PAS,USTAZ AZAM BIN AZIZ,MALE,,26.73,,,,,,,,,,,,,,,,,,,,,,,,,,,,,,,9.86,11.99
KEDAH,P.008,POKOK SENA,UMNO,DATO' SAID ALI BIN SYED RASTAN,MALE,,30.27,PAN,DATO' HJ MAHFUZ OMAR,MALE,61,23.58,PAS,RADHI MAT DIN,MALE,53,26.80,,,,,,,,,,,,,,,,,,,,,,,,,,,,,,,5.63,13.72
KEDAH,P.009,ALOR SETAR,MCA,YOO WEI HOW,MALE,45,22.57,PKR,CHAN MING KAI,MALE,38,20.55,PAS,AMINUR SHAFIQ,MALE,28,34.99,,,,,,,,,,,,,,,,,,,,,,,,,,,,,,,5.17,16.71
KEDAH,P.010,KUALA KEDAH,UMNO,ABDULLAH HASNAN BIN KAMARUDDIN,MALE,,28.58,PKR,DR AZMAN ISMAIL,MALE,60,26.05,PAS,MUHAMAD RIDUAN BIN OTHMAN,MALE,43,23.21,,,,,,,,,,,,,,,,,,,,,,,,,,,,,,,8.26,13.89
KEDAH,P.011,PENDANG,UMNO,OTHMAN BIN ABDUL,MALE,55,35.75,PPBM,WAN SAIFUL WAN JAN,MALE,43,13.67,PAS,HJ. AWANG SOLAHUDIN,MALE,,31.70,,,,,,,,,,,,,,,,,,,,,INDEPENDENT - KEY,PENGHULU MALIK,MALE,,0.23,,,,,,6.19,12.45
KEDAH,P.012,JERAI,UMNO,DATO' SERI JAMIL KHIR BIN BAHAROM,MALE,57,36.69,PPBM,AKHRAMSYAH BIN SANUSI JUNID,MALE,,19.03,PAS,USTAZ SABRI BIN AZIT,MALE,52,27.24,,,,,,,,,,,,,,,,,,,,,,,,,,,,,,,5.89,11.16
KEDAH,P.013,SIK,UMNO,DR MANSOR BIN ABD RAHMAN,MALE,,35.85,PAN,AZLI CHE UDA,MALE,39,10.69,PAS,USTAZ TARMIZI SULAIMAN,MALE,42,35.54,,,,,,,,,,,,,,,,,,,,,,,,,,,,,,,7.23,10.69
KEDAH,P.014,MERBOK,UMNO,DATO' TAJUL URUS HJ. MAT ZAIN,MALE,66,35.66,PKR,NURIN AINA,FEMALE,42,20.12,PAS,USTAZ AHMAD FAUZI,MALE,,23.83,,,,,,,,,,,,,,,,,,,,,,,,,,,,,,,8.02,12.38
KEDAH,P.015,SUNGAI PETANI,UMNO,DATO' SHAHANIM BINTI MOHAMAD YUSOFF,FEMALE,,31.75,PKR,DATO' JOHARI ABDUL,MALE,63,22.79,PAS,USTAZ SHARIR LONG,MALE,,23.84,PRM,P. SRITHARAN,MALE,,0.33,,,,,,,,,,,,,,,,,,,,,,,,,,0.45,20.84
KEDAH,P.016,BALING,UMNO,DATUK AZEEZ RAHIM,MALE,52,42.00,PPBM,MOHD TAUFIK BIN HJ YAACOB,MALE,,9.83,PAS,USTAZ HASSAN BIN SAAD,MALE,,26.59,,,,,,,,,,,,,,,,,,,,,,,,,,,,,,,9.31,12.27
KEDAH,P.017,PADANG SERAI,MCA,DATO' DR. LEONG YONG KONG,MALE,58,26.98,PKR,KARUPAIYA MUTUSAMI,MALE,65,17.36,PAS,MUHAMAD SOBRI BIN OSMAN,MALE,,30.47,,,,,,,,,,,,,,,,,,,,,,,,,,,,,,,5.11,20.09
KEDAH,P.018,KULIM-BANDAR BAHARU,UMNO,DATO' ABD AZIZ HJ. SHEIKH FADZIR,MALE,55,38.92,PKR,DATO' SAIFUDDIN NASUTION ISMAIL,MALE,55,18.70,PAS,USTAZ HASSAN RAZAK,MALE,67,23.59,,,,,,,,,,,,,,,,,,,,,,,,,,,,,,,6.32,12.47
KELANTAN,P.019,TUMPAT,UMNO,DATUK WAN,MALE,65,37.93,PPBM,DATUK NORDIN BIN SALLEH,MALE,75,2.43,PAS,DATO HJ CHE LAH MAT NAWI,MALE,56,22.61,,,,,,,,,,,,,,,,,,,,,,,,,,,,,,,7.08,29.94
KELANTAN,P.020,PENGKALAN CHEPA,UMNO,DATUK ZALUZI,MALE,53,37.60,PAN,MEJAR MAT,MALE,65,3.55,PAS,USTAZ MARZUK SHAARY,MALE,43,20.58,,,,,,,,,,,,,,,,,,,,,,,,,,,,,,,1.39,36.88
KELANTAN,P.021,KOTA BHARU,UMNO,FIKHRAN HAMSHI,MALE,32,31.29,PAN,HUSAM MUSA,MALE,59,8.52,PAS,DATO' TAKIYUDDIN,MALE,56,23.24,,,,,,,,,,,,,,,,,,,,,,,,,,,,,,,3.07,33.88
KELANTAN,P.022,PASIR MAS,UMNO,NOR AZMAWI @ BAWI,MALE,44,28.35,PPBM,CHE UJANG,MALE,,2.58,PAS,USTAZ FADHLI SHAARI,MALE,38,25.64,,,,,,,,,,,,,,,,,,,,,INDEPENDENT - CUP,DATO' DR. IBRAHIM BIN ALI,MALE,67,1.74,,,,,,7.67,34.02
KELANTAN,P.023,RANTAU PANJANG,UMNO,ABDULLAH BIN MAT YASIM,MALE,63,30.82,PAN,DR SHAH,MALE,46,3.59,PAS,KAK LAH,FEMALE,55,22.54,,,,,,,,,,,,,,,,,,,,,,,,,,,,,,,2.85,40.20
KELANTAN,P.024,KUBANG KERIAN,UMNO,DATO' SRI MUHAMMAD ABD GHANI,MALE,,33.96,PAN,DATO DR HALIM,MALE,58,6.04,PAS,USTAZ TUAN IBRAHIM,MALE,58,20.94,,,,,,,,,,,,,,,,,,,,,,,,,,,,,,,2.86,36.20
KELANTAN,P.025,BACHOK,UMNO,DATUK AWANG,MALE,63,42.48,PPBM,HJ ZUL,MALE,,1.97,PAS,USTAZ NIK ABDUH,MALE,48,14.86,,,,,,,,,,,,,,,,,,,,,,,,,,,,,,,5.01,35.68
KELANTAN,P.026,KETEREH,UMNO,TAN SRI ANNUAR MUSA,MALE,62,53.89,PPBM,DR RADZI JIDIN,MALE,41,3.26,PAS,USTAZ WAN,MALE,63,14.20,,,,,,,,,,,,,,,,,,,,,,,,,,,,,,,3.16,25.50
KELANTAN,P.027,TANAH MERAH,UMNO,DATO' SRI HJ IKMAL HISHAM BIN ABDUL AZIZ,MALE,53,42.68,PKR,DR FAUZI,MALE,57,1.82,PAS,DATO' DR JOHARI MAT,MALE,62,14.28,,,,,,,,,,,,,,,,,,,,,,,,,,,,,,,6.77,34.45
KELANTAN,P.028,PASIR PUTEH,UMNO,DR. ASYRAF WAJDI DUSUKI,MALE,42,41.34,PPBM,DATUK KAMARUDIN (ABE DIN),MALE,70,2.38,PAS,USTAZ DR. NIK ZAWAWI,MALE,51,17.21,,,,,,,,,,,,,,,,,,,,,,,,,,,,,,,4.55,34.52
KELANTAN,P.029,MACHANG,UMNO,DATUK JAZLAN,MALE,54,41.40,PPBM,DATO' SAZMI,MALE,54,2.64,PAS,ZULKIFLI MAMAT,MALE,,12.29,,,,,,,,,,,,,,,,,,,,,,,,,,,,,,,7.47,36.20
KELANTAN,P.030,JELI,UMNO,DATO' PA,MALE,68,51.21,PPBM,AZRAN BIN DERAMAN,MALE,36,2.09,PAS,CIKGU MAT,MALE,,13.95,,,,,,,,,,,,,,,,,,,,,,,,,,,,,,,0.25,32.50
KELANTAN,P.031,KUALA KRAI,UMNO,DATO RAMZI,MALE,60,34.24,PAN,DR IR YAZID,MALE,61,3.65,PAS,USTAZ LATIFF,MALE,47,21.84,,,,,,,,,,,,,,,,,,,,,,,,,,,,,,,4.59,35.68
KELANTAN,P.032,GUA MUSANG,UMNO,TENGKU RAZALEIGH HAMZAH,MALE,81,32.20,PPBM,ABE NOR,MALE,,3.82,PAS,USTAZ ABDULLAH,MALE,,21.96,,,,,,,,,,,,,,,,,,,,,,,,,,,,,,,6.00,36.02
TERENGGANU,P.033,BESUT,UMNO,IDRIS JUSOH,MALE,63,50.25,PPBM,DATO' IR. HAJI WAN NAZARI,MALE,,3.26,PAS,DR USTAZ RIDUAN MOHAMAD NOR,MALE,47,15.24,,,,,,,,,,,,,,,,,,,,,,,,,,,,,,,5.02,26.23
TERENGGANU,P.034,SETIU,UMNO,DATO' HAJI MOHD JIDIN BIN SHAFEE,MALE,63,43.87,PPBM,DATO' DR MOHD FAUDZI BIN MUSA,MALE,,3.26,PAS,USTAZ ZUKIRNAIN AB KADIR,MALE,49,19.67,,,,,,,,,,,,,,,,,,,,,,,,,,,,,,,5.11,28.10
TERENGGANU,P.035,KUALA NERUS,UMNO,DR. TENGKU ASMADI,MALE,54,50.93,PAN,HAJI ABDULLAH,MALE,,3.20,PAS,USTAZ DATO' DR KHAIRUDDIN TAKIRI,MALE,45,23.95,,,,,,,,,,,,,,,,,,,,,,,,,,,,,,,1.35,20.58
TERENGGANU,P.036,KUALA TERENGGANU,UMNO,WAN NAWAWI BIN HAJI WAN ISMAIL,MALE,61,46.52,PAN,DATO RAJA BAHRIN,MALE,63,6.80,PAS,HAJI AMZAD HASHIM,MALE,48,23.71,,,,,,,,,,,,,,,,,,,,,,,,,,,,,,,0.64,22.33
TERENGGANU,P.037,MARANG,UMNO,MOHAMAD NOR BIN ENDOT,MALE,58,44.11,PAN,ZARAWI BIN SULONG,MALE,56,2.33,PAS,TUAN GURU HAJI ABDUL HADI AWANG,MALE,71,31.20,,,,,,,,,,,,,,,,,,,,,,,,,,,,,,,9.45,12.91
TERENGGANU,P.038,HULU TERENGGANU,UMNO,DATO' ROSOL BIN WAHID,MALE,54,56.18,PPBM,DATUK RAZALI IDRIS,MALE,52,4.10,PAS,HAJI MUHYIDIN ABDUL RASHID,MALE,,22.53,,,,,,,,,,,,,,,,,,,,,,,,,,,,,,,2.27,14.92
TERENGGANU,P.039,DUNGUN,UMNO,DATO DIN,MALE,57,39.68,PKR,HJ. ABD RAHMAN YUSOF,MALE,61,2.97,PAS,USTAZ WAN HASSAN MOHD RAMLI,MALE,61,21.72,,,,,,,,,,,,,,,,,,,,,,,,,,,,,,,6.66,28.96
TERENGGANU,P.040,KEMAMAN,UMNO,AHMAD SHABERY CHEEK,MALE,60,44.13,PKR,MOHD. HUZAIFAH MD. SUHAIMI,MALE,,5.12,PAS,USTAZ ALIAS ABD HAMID,MALE,,16.53,,,,,,,,,,,,,,,,,,,,,,,,,,,,,,,4.28,29.95
PULAU PINANG,P.041,KEPALA BATAS,UMNO,DATO' SRI REEZAL MERICAN BIN NAINA MERICAN,MALE,45,48.60,PAN,DR. ZAIDI BIN ZAKARIA,MALE,48,16.23,PAS,SITI MASTURA BINTI MUHAMMAD,FEMALE,29,17.71,,,,,,,,,,,,,,,,,,,,,,,,,,,,,,,8.38,9.08
PULAU PINANG,P.042,TASEK GELUGOR,UMNO,DATUK SHABUDIN YAHAYA,MALE,52,41.69,PPBM,HJ MARZUKI BIN YAHYA,MALE,47,14.24,PAS,RIZAL HAFIZ BIN RUSLAN,MALE,42,23.34,,,,,,,,,,,,,,,,,,,,,,,,,,,,,,,8.47,12.26
PULAU PINANG,P.043,BAGAN,MCA,LEE BENG SENG,MALE,37,36.07,DAP,LIM GUAN ENG,MALE,57,35.64,,,,,,MUP,KOAY XING BOON,MALE,36,0.22,PCM,HUAN CHENG GUAN @ MEJAR HUAN,MALE,57,3.02,,,,,,,,,,,,,,,,,,,,,6.48,18.57
PULAU PINANG,P.044,PERMATANG PAUH,UMNO,MOHD ZAIDI MOHD SAID,MALE,49,39.97,PKR,NURUL IZZAH ANWAR,FEMALE,37,23.54,PAS,USTAZ AFNAN HAMMI B DATO’ TAIB AZAMUDDEN,MALE,36,18.38,,,,,,,,,,,,,,,,,,,,,,,,,,,,,,,4.74,13.37
PULAU PINANG,P.045,BUKIT MERTAJAM,MCA,GUI GUAT LYE,MALE,65,34.50,DAP,SIM CHEE KEONG,MALE,36,39.33,,,,,,,,,,,,,,,,,,,,,,,,,,,,,,,,,,,,4.70,21.48
PULAU PINANG,P.046,BATU KAWAN,GERAKAN,JAYANTHI DEVI BALAGURU,FEMALE,56,36.10,DAP,KASTHURIRAANI PATTO,FEMALE,38,28.31,PAS,JAY KUMAR,MALE,38,9.32,PFP,OOI KHAR GIAP,MALE,50,0.34,,,,,,,,,,,,,,,,,,,,,,,,,,10.51,15.42
PULAU PINANG,P.047,NIBONG TEBAL,UMNO,DATO IR DR SHAIK HUSSEIN BIN MYDIN,MALE,44,47.92,PKR,DATO MANSOR OTHMAN,MALE,68,19.45,PAS,MOHD HELMI BIN HARUN,MALE,46,15.22,,,,,,,,,,,,,,,,,,,,,INDEPENDENT - KEY,TAN TEE BENG,MALE,46,0.38,,,,,,5.83,11.20
PULAU PINANG,P.048,BUKIT BENDERA,GERAKAN,ANDY YONG KIM SENG,MALE,46,33.25,DAP,WONG HON WAI,MALE,45,37.27,,,,,,MUP,TAN GIM THEAM,MALE,48,0.24,,,,,,,,,,,,,,,,,,,,,,,,,,4.14,25.09
PULAU PINANG,P.049,TANJONG,GERAKAN,NG SIEW LAI,FEMALE,57,35.69,DAP,CHOW KON YEOW,MALE,59,44.05,,,,,,,,,,,,,,,,,,,,,,,,,,,,,,,,,,,,4.82,15.43
PULAU PINANG,P.050,JELUTONG,GERAKAN,BALJIT SINGH,MALE,52,42.99,DAP,SANISVARA NETHAJI RAYER A/L RAJAJI,MALE,47,33.39,,,,,,MUP,TAN SIM BEE,FEMALE,37,0.92,,,,,,,,,,,,,,,,,,,,,,,,,,6.64,16.05
PULAU PINANG,P.051,BUKIT GELUGOR,MCA,LOW JOO HIAP,MALE,45,27.08,DAP,RAMKARPAL SINGH A/L KARPAL SINGH,MALE,42,42.26,,,,,,MUP,LAI XUE CHING,FEMALE,34,0.51,,,,,,,,,,,,,,,,,,,,,,,,,,7.69,22.46
PULAU PINANG,P.052,BAYAN BARU,MCA,CHUAH SENG GUAN,MALE,36,26.24,PKR,SIM TZE TZIN,MALE,42,29.98,PAS,ISZUREE BIN IBRAHIM,MALE,51,17.32,MUP,DAVID YIM BOON LEONG,MALE,46,0.61,,,,,,,,,,,,,,,,,,,,,,,,,,5.72,20.14
PULAU PINANG,P.053,BALIK PULAU,UMNO,DATO’ SERI DR HILMI HAJI YAHAYA,MALE,69,43.05,PKR,MUHAMMAD BAKHTIAR BIN WAN CHIK,MALE,53,19.57,PAS,MUHAMMAD IMRAN BIN MUHAMMAD SA’AD,MALE,49,12.56,,,,,,,,,,,,,,,,,,,,,,,,,,,,,,,9.27,15.55
PERAK,P.054,GERIK,UMNO,DATO HASBULLAH OSMAN,MALE,61,59.41,PPBM,IBRAHIM HANAFIAH,MALE,62,7.75,PAS,USTAZ DAHALAN,MALE,58,16.79,,,,,,,,,,,,,,,,,,,,,,,,,,,,,,,5.72,10.33
PERAK,P.055,LENGGONG,UMNO,DR SHAMSUL ANUAR NASARAH,MALE,51,46.14,PPBM,AMIRUL FAIRUZZEEN,MALE,36,7.41,PAS,USTAZ MUJAHID IR FADZIL,MALE,32,22.84,,,,,,,,,,,,,,,,,,,,,,,,,,,,,,,7.26,16.34
PERAK,P.056,LARUT,UMNO,DATO SERI HAMZAH ZAINUDIN,MALE,61,47.14,PPBM,DATO KHAIRIL ANUAR,MALE,56,10.45,PAS,CIKGU HAJI ABU HUSIN,MALE,65,24.78,,,,,,,,,,,,,,,,,,,,,,,,,,,,,,,6.10,11.52
PERAK,P.057,PARIT BUNTAR,UMNO,ABDUL PUHAT BIN MAT NAYAN,MALE,60,41.71,PAN,DATO’ DR MUJAHID RAWA,MALE,54,14.38,PAS,AHMAD AZHAR HAJI SHARIN,MALE,50,25.69,,,,,,,,,,,,,,,,,,,,,,,,,,,,,,,9.66,8.56
PERAK,P.058,BAGAN SERAI,UMNO,DATO DR NOOR AZMI BIN GHAZALI,MALE,57,39.92,PPBM,ADAM BIN ASMUNI,MALE,33,10.03,PAS,USTAZAH ROHAYA BINTI BAKAR,FEMALE,58,25.07,,,,,,,,,,,,,,,,,,,,,,,,,,,,,,,0.66,24.31
PERAK,P.059,BUKIT GANTANG,UMNO,SYED HUSSIN BIN HAFIZ SYED ABDUL FASAL,MALE,58,38.40,PPBM,DATO HJ KHADRI KHALID,MALE,64,11.98,PAS,USTAZ IDRIS AHMAD,MALE,55,27.05,,,,,,,,,,,,,,,,,,,,,,,,,,,,,,,7.98,14.59
PERAK,P.060,TAIPING,GERAKAN,TAN KENG LIANG,MALE,41,29.28,DAP,TEH KOK LIM,MALE,48,13.87,PAS,IBRAHIM ISMAIL,MALE,53,21.62,,,,,,,,,,,,,,,,,,,,,,,,,,,,,,,14.95,20.27
PERAK,P.061,PADANG RENGAS,UMNO,DATO’ SERI MOHAMED NAZRI BIN TAN SRI ABDUL AZIZ,MALE,64,46.00,PKR,EJAZI YAHAYA,MALE,56,12.46,PAS,MOHAMAD AZALAN,MALE,57,25.69,,,,,,,,,,,,,,,,,,,,,,,,,,,,,,,0.31,15.54
PERAK,P.062,SUNGAI SIPUT,MIC,S K DEVAMANY,MALE,61,41.36,PKR,S KESAVAN,MALE,45,13.59,PAS,DR ISHAK IBRAHIM,MALE,47,25.27,PSM,DR KUMAR,MALE,64,2.62,,,,,,,,,,,,,,,,,,,,,,,,,,3.34,13.83
PERAK,P.063,TAMBUN,UMNO,DATO’ SERI AHMAD HUSNI HANADZLAH,MALE,66,40.11,PPBM,AHMAD FAIZAL DATO’ AZUMU,MALE,48,12.46,PAS,USTAZ IBRAHIM ZAKARIA,MALE,48,13.17,,,,,,,,,,,,,,,,,,,,,,,,,,,,,,,3.58,30.68
PERAK,P.064,IPOH TIMOR,MCA,KATHLEEN (KAT) WONG,FEMALE,42,46.56,DAP,WONG KAH WOH,MALE,38,20.92,,,,,,,,,,,,,,,,,,,,,,,,,,,,,,,,,,,,2.01,30.52
PERAK,P.065,IPOH BARAT,MCA,CHENG WEI YEE,MALE,44,22.54,DAP,M KULA,MALE,61,21.08,,,,,,,,,,,,,,,,,,,,,,,,,,,,,,,,,,,,17.31,39.07
PERAK,P.066,BATU GAJAH,MCA,LEONG CHEE WAI,MALE,44,42.13,DAP,V SIVAKUMAR,MALE,48,28.25,,,,,,PSM,SEKAR,MALE,49,1.61,,,,,,,,,,,,,,,,,,,,,,,,,,8.92,19.08
PERAK,P.067,KUALA KANGSAR,UMNO,DATIN MASTURA YAZID,FEMALE,57,23.49,PAN,DR AHMAD TERMIZI RAMLI,MALE,64,13.64,PAS,DRS KHALIL IDHAM LIM,MALE,54,27.05,,,,,,,,,,,,,,,,,,,,,,,,,,,,,,,20.76,15.07
PERAK,P.068,BERUAS,GERAKAN,PANG CHOK KING,MALE,54,27.65,DAP,DATO’ NGEH KOO HAM,MALE,57,20.69,PAS,HJ MOHAMAD NAZEER HAMEED,MALE,61,17.26,,,,,,,,,,,,,,,,,,,,,,,,,,,,,,,15.01,19.40
PERAK,P.069,PARIT,UMNO,USTAZ NIZAR,MALE,49,49.73,PAN,TARMIZI MOHD JAM,MALE,49,10.53,PAS,DR NAJIHA AHMAD,FEMALE,52,17.70,,,,,,,,,,,,,,,,,,,,,,,,,,,,,,,8.14,13.90
PERAK,P.070,KAMPAR,MCA,LEE CHEE LEONG,MALE,61,48.98,DAP,SU KEONG SEONG,MALE,52,12.99,PAS,YOUGAN,MALE,31,8.53,,,,,,,,,,,,,,,,,,,,,,,,,,,,,,,12.71,16.79
PERAK,P.071,GOPENG,MCA,HENG SEAI KIE,FEMALE,56,32.99,PKR,DR LEE BOON CHYE,MALE,59,16.27,PAS,ISMAIL BIN ARIFFIN,MALE,57,21.19,,,,,,,,,,,,,,,,,,,,,,,,,,,,,,,1.08,28.46
PERAK,P.072,TAPAH,MIC,DATUK SERI M SARAVANAN,MALE,50,49.79,PPBM,MOHAMED AZNI,MALE,62,12.85,PAS,USTAZ NORAZLI BIN MUSA,MALE,51,14.89,,,,,,,,,,,,,,,,,,,,,,,,,,,,,,,8.09,14.38
PERAK,P.073,PASIR SALAK,UMNO,DATO SRI TAJUDDIN ABDUL RAHMAN,MALE,70,41.24,PPBM,DR SALIHUDDIN,MALE,59,11.77,PAS,USTAZ ZAFARUL AZHAN,MALE,38,21.15,,,,,,,,,,,,,,,,,,,,,,,,,,,,,,,10.33,15.50
PERAK,P.074,LUMUT,UMNO,DATO’ SERI DIRAJA DR ZAMBRY ABD KADIR,MALE,56,32.89,PAN,DR HATTA RAMLI,MALE,62,13.62,PAS,ZAMRI IBRAHIM,MALE,44,12.68,,,,,,,,,,,,,,,,,,,,,,,,,,,,,,,25.46,15.35
PERAK,P.075,BAGAN DATUK,UMNO,AHMAD ZAHID BIN HAMIDI,MALE,65,59.47,PKR,PAKHRURRAZI HJ ARSHAD,MALE,65,7.48,PAS,ATA ABDUL MUNEIM DATO’ HASAN ADLI,MALE,60,9.66,,,,,,,,,,,,,,,,,,,,,,,,,,,,,,,10.29,13.09
PERAK,P.076,TELUK INTAN,GERAKAN,MAH SIEW KEONG,MALE,56,43.29,DAP,NGA KOR MING,MALE,46,14.50,PAS,DR AHMAD RAMDZAN,MALE,62,17.85,,,,,,,,,,,,,,,,,,,,,,,,,,,,,,,5.03,19.33
PERAK,P.077,TANJONG MALIM,MCA,DR MAH HANG SOON,MALE,53,34.80,PKR,CHANG LIH KANG,MALE,37,11.40,PAS,USTAZ MOHD TARMIZI,MALE,53,24.20,,,,,,,,,,,,,,,,,,,,,,,,,,,,,,,9.30,20.30
PAHANG,P.078,CAMERON HIGHLANDS,MIC,DATO' SIVARRAAJH CHANDRAN,MALE,42,32.04,DAP,MANOGARAN,MALE,59,7.73,PAS,CIKGU WAN MAHADIR,MALE,46,8.29,PSM,SURESH KUMAR,MALE,42,0.83,BERJASA,USTAZ TAHIR,MALE,,0.00,,,,,,,,,,,,,,,,,,,,,7.46,43.65
PAHANG,P.079,LIPIS,UMNO,ABDUL RAHMAN BIN MOHAMAD,MALE,54,64.19,PPBM,DATO BADARUDIN ABD RAHAMAN,MALE,65,6.55,PAS,CIKGU HJ SOBIRIN BIN HJ DULI,MALE,68,15.28,,,,,,,,,,,,,,,,,,,,,,,,,,,,,,,4.28,9.69
PAHANG,P.080,RAUB,MCA,CHEW MEI FUN,FEMALE,54,41.61,DAP,TENGKU ZULPURI SHAH,MALE,54,12.35,PAS,DR MOHAMED NILAM,MALE,,22.39,,,,,,,,,,,,,,,,,,,,,,,,,,,,,,,4.96,18.69
PAHANG,P.081,JERANTUT,UMNO,DATO' AHMAD NAZLAN,MALE,60,51.42,PPBM,WAN MOHD SHAHRIR,MALE,37,6.42,PAS,USTAZ YOHANIS AHMAD,MALE,40,21.42,,,,,,,,,,,,,,,,,,,,,,,,,,,,,,,5.00,15.75
PAHANG,P.082,INDERA MAHKOTA,UMNO,DATO' DR JOHAN BIN MAT SAH,MALE,56,41.46,PKR,DATO' SAIFUDDIN ABDULLAH,MALE,57,13.16,PAS,USTAZ NASRUDIN HASSAN TANTAWI,MALE,48,23.39,,,,,,,,,,,,,,,,,,,,,,,,,,,,,,,7.54,14.44
PAHANG,P.083,KUANTAN,MCA,DATO' WONG KEAN HWEE,MALE,57,30.43,PKR,FUZIAH SALLEH,FEMALE,59,14.39,PAS,CIKGU SULAIMAN MD DERUS,MALE,,25.74,,,,,,,,,,,,,,,,,,,,,,,,,,,,,,,13.40,16.04
PAHANG,P.084,PAYA BESAR,UMNO,MOHD SHAHAR BIN ABDULLAH,MALE,38,41.32,PPBM,MOHD ASHRAF MUSTAQIM,MALE,32,8.90,PAS,MOHAMAD AZHAR BIN MOHD NOOR,MALE,66,21.32,,,,,,,,,,,,,,,,,,,,,,,,,,,,,,,9.78,18.68
PAHANG,P.085,PEKAN,UMNO,DATO' SRI MOHD NAJIB BIN TUN ABD RAZAK,MALE,65,51.43,PPBM,MUHD ZAHID MD ARIP,MALE,52,6.55,PAS,KAPT (B) AHIATUDIN BIN DAUD,MALE,63,19.70,,,,,,,,,,,,,,,,,,,,,INDEPENDENT - AEROPLANE,ABD KADIR BIN SAINUDIN,MALE,,0.04,,,,,,10.49,11.78
PAHANG,P.086,MARAN,UMNO,DATO' SRI DR HJ ISMAIL BIN HJ ABD MUTTALIB,MALE,64,50.18,PPBM,AHMAD FARID BIN AHMAD NORDIN,MALE,,5.17,PAS,CIKGU HASENAN HARON,MALE,,19.04,,,,,,,,,,,,,,,,,,,,,,,,,,,,,,,7.76,17.86
PAHANG,P.087,KUALA KRAU,UMNO,DATO' SRI HAJI ISMAIL BIN HAJI MOHAMED SAID,MALE,53,40.32,PPBM,MOHAMAD RAFIDEE,MALE,45,5.80,PAS,USTAZ HAJI KAMAL BIN ASHAARI,MALE,48,24.78,,,,,,,,,,,,,,,,,,,,,,,,,,,,,,,7.40,21.70
PAHANG,P.088,TEMERLOH,UMNO,DATO' SRI HAJI MOHD SHARKAR BIN HAJI SHAMSUDIN,MALE,56,44.60,PAN,HJ ANUAR TAHIR,MALE,66,19.79,PAS,HAJI MD JUSOH BIN DARUS,MALE,62,9.96,,,,,,,,,,,,,,,,,,,,,INDEPENDENT - ELEPHANT,KHAIDIR AHMAD,MALE,56,0.48,INDEPENDENT - BOOK,MUHD FAKHRUDIN B ABU HANIPAH,MALE,,0.24,7.79,17.14
PAHANG,P.089,BENTONG,MCA,DATO' SRI LIOW TIONG LAI,MALE,57,47.07,DAP,WONG TACK,MALE,59,10.88,PAS,BALASUBRAMANIAM A/L NACHIAPPAN,MALE,,11.19,,,,,,,,,,,,,,,,,,,,,,,,,,,,,,,14.12,16.74
PAHANG,P.090,BERA,UMNO,ISMAIL SABRI YAAKOB,MALE,58,45.67,PKR,ZAKARIA ABDUL HAMID,MALE,,10.15,PAS,MUSANIFF BIN AB. RAHMAN,MALE,,13.26,,,,,,,,,,,,,,,,,,,,,,,,,,,,,,,5.88,25.03
PAHANG,P.091,ROMPIN,UMNO,DATO' SRI HASAN BIN ARIFIN,MALE,65,42.40,PKR,SITARUNISAH BINTI AB KADIR,FEMALE,,7.46,PAS,USTAZ SHAHRUL,MALE,39,21.15,,,,,,,,,,,,,,,,,,,,,,,,,,,,,,,5.67,23.32
SELANGOR,P.092,SABAK BERNAM,UMNO,DATO' FASIAH,MALE,62,32.59,PPBM,WARNO BIN DOGOL,MALE,56,16.95,PAS,USTAZ MUHAMMAD LABIB BIN ABD JALIL,MALE,,28.25,,,,,,,,,,,,,,,,,,,,,,,,,,,,,,,8.80,13.40
SELANGOR,P.093,SUNGAI BESAR,UMNO,BUDIMAN BIN MOHD ZOHDI,MALE,46,36.43,PPBM,CIKGU MUSLIMIN,MALE,51,21.23,PAS,CIKGU HAJI SALLEH HUSIN,MALE,,22.51,,,,,,,,,,,,,,,,,,,,,,,,,,,,,,,7.89,11.95
SELANGOR,P.094,HULU SELANGOR,MIC,P.KAMALANATHAN,MALE,53,32.30,PKR,JUNE LEOW,FEMALE,54,18.21,PAS,DR WAN MAT,MALE,,25.16,,,,,,,,,,,,,,,,,,,,,INDEPENDENT - KEY,KUMAR A/L S. PARAMASIVAM,MALE,49,0.00,,,,,,7.59,16.74
SELANGOR,P.095,TANJONG KARANG,UMNO,TAN SRI NOH BIN HAJI OMAR,MALE,60,38.34,PPBM,KAPT(B) DATO DR ZULKAFPERI,MALE,59,22.38,PAS,NOR AZ AZLAN BIN AHMAD,MALE,,21.21,,,,,,,,,,,,,,,,,,,,,,,,,,,,,,,0.12,17.95
SELANGOR,P.096,KUALA SELANGOR,UMNO,IRMOHIZAM,MALE,,35.26,PAN,DR HJ DZULKEFLY AHMAD,MALE,62,28.59,PAS,HAJI FAKARUDDIN,MALE,46,13.97,,,,,,,,,,,,,,,,,,,,,,,,,,,,,,,6.79,15.38
SELANGOR,P.097,SELAYANG,MCA,KANG MENG FUAT,MALE,36,25.87,PKR,WILLIAM LEONG JEE KEEN,MALE,61,27.08,PAS,BRIG. GEN HASHIM KARIM,MALE,,23.75,,,,,,,,,,,,,,,,,,,,,,,,,,,,,,,4.99,18.31
SELANGOR,P.098,GOMBAK,UMNO,DATUK ABDUL RAHIM KAMARUDIN,MALE,64,18.76,PKR,DATO' SERI AZMIN ALI,MALE,54,33.11,PAS,Ir. KHAIRIL NIZAM,MALE,39,12.61,,,,,,,,,,,,,,,,,,,,,,,,,,,,,,,3.85,31.68
SELANGOR,P.099,AMPANG,MCA,LEONG KIM SOON,MALE,41,18.65,PKR,ZURAIDA KAMARUDDIN,FEMALE,60,32.71,PAS,NURUL ISLAM BIN MOHAMED YUSOFF,MALE,35,15.21,PRM,TAN HUA MENG,MALE,,0.29,,,,,,,,,,,,,,,,,,,,,,,,,,0.86,32.28
SELANGOR,P.100,PANDAN,MCA,LEONG KOK WEE,MALE,50,20.45,PKR,DR WAN AZIZAH,FEMALE,66,36.03,PAS,USTAZ SUKRI OMAR,MALE,,13.72,PRM,JENICE LEE YING HA,FEMALE,38,0.00,,,,,,,,,,,,,,,,INDEPENDENT - HOUSE,MOHD KHAIRUL AZAM BIN ABDUL AZIZ,MALE,,0.12,,,,,,3.37,26.31
SELANGOR,P.101,HULU LANGAT,UMNO,AZMAN BIN AHMAD,MALE,,39.41,PAN,USTAZ HASANUDDIN MOHD YUNUS,MALE,54,19.68,PAS,DR CHE ROSLI CHE MAT,MALE,67,19.26,,,,,,,,,,,,,,,,,,,,,,,,,,,,,,,8.54,13.10
SELANGOR,P.102,BANGI,MCA,LIEW YUEN KEONG,MALE,58,16.79,DAP,DR. ONG KIAN MING,MALE,43,22.96,PAS,USTAZ SHAFIE NGAH,MALE,52,26.45,PRM,DENNIS WAN,MALE,,0.00,,,,,,,,,,,,,,,,,,,,,,,,,,7.07,26.73
SELANGOR,P.103,PUCHONG,GERAKAN,ANG CHIN TAT,MALE,,21.22,DAP,GOBIND SINGH DEO,MALE,45,27.16,PAS,MOHAMAD ROSHARIZAN,MALE,45,21.78,,,,,,,,,,,,,,,,,,,,,,,,,,,,,,,3.54,26.31
SELANGOR,P.104,SUBANG,MCA,IR. TAN SEONG LIM,MALE,52,14.62,PKR,WONG CHEN,MALE,49,30.19,IKATAN,SHAHIR ADNAN,MALE,34,10.29,,,,,,,,,,,,,,,,,,,,,INDEPENDENT - ELEPHANT,TOH SIN WAH,MALE,55,0.17,,,,,,2.60,42.13
SELANGOR,P.105,PETALING JAYA,MCA,CHEW HIAN TAT,MALE,44,22.12,PKR,MARIA CHIN ABDULLAH,FEMALE,62,28.04,PAS,NORAINI BINTI HUSSIN,FEMALE,53,17.42,,,,,,,,,,,,,,,,,,,,,,,,,,,,,,,4.78,27.63
SELANGOR,P.106,DAMANSARA,MCA,RYAN HO KWOK XHENG,MALE,30,14.07,DAP,TONY PUA,MALE,46,41.65,,,,,,PRM,DATO' WONG MUN KHEONG,MALE,45,0.47,,,,,,,,,,,,,,,,,,,,,,,,,,2.91,40.90
SELANGOR,P.107,SUNGAI BULOH,MIC,A. PRAKASH RAO,MALE,58,22.52,PKR,SIVARASA RASIAH,MALE,62,20.24,PAS,USTAZAH NURIDAH,FEMALE,57,23.72,PSM,ZAINURIZZAMAN BIN MOHARAM,MALE,38,0.76,,,,,,,,,,,,,,,,,,,,,,,,,,7.73,25.03
SELANGOR,P.108,SHAH ALAM,UMNO,HAJI AZHARI SHAARI,MALE,48,26.72,PAN,KHALID ABD SAMAD,MALE,61,30.44,PAS,DR MOHD ZUHDI BIN MARSUKI,MALE,,14.97,,,,,,,,,,,,,,,,,,,,,,,,,,,,,,,2.32,25.56
SELANGOR,P.109,KAPAR,MIC,MOHANA MUNIANDY,FEMALE,42,16.87,PKR,ABDULLAH SANI,MALE,56,16.44,PAS,DR. HJ. ABD RANI BIN OSMAN,MALE,60,34.30,PRM,MANIKAVASAGAM,MALE,53,0.00,,,,,,,,,,,,,,,,,,,,,,,,,,16.44,15.95
SELANGOR,P.110,KLANG,MCA,DATO' CHING EU BOON,MALE,51,21.61,DAP,CHARLES SANTIAGO,MALE,58,34.16,PAS,KHAIRUL SHAH KOTTAPPAN,MALE,56,13.42,,,,,,,,,,,,,,,,,,,,,INDEPENDENT - KEY,PUVANANDERAN A/L GANASAMOORTHY,MALE,,0.00,,,,,,3.11,27.70
SELANGOR,P.111,KOTA RAJA,MIC,V. GUNALAN,MALE,45,17.18,PAN,MOHAMAD SABU,MALE,64,31.59,PAS,HJ. MOHAMED DIAH BAHARUN,MALE,43,22.59,,,,,,,,,,,,,,,,,,,,,,,,,,,,,,,3.36,25.29
SELANGOR,P.112,KUALA LANGAT,UMNO,SHAHRIL HAMDAN,MALE,33,33.22,PKR,DR XAVIER JAYAKUMAR,MALE,65,22.44,PAS,DATUK DR. YAHYA BABA,MALE,64,26.31,,,,,,,,,,,,,,,,,,,,,,,,,,,,,,,4.01,14.02
SELANGOR,P.113,SEPANG,UMNO,DATO' HAJI MARSUM BIN PAING,MALE,63,30.90,PAN,MOHAMED HANIPA BIN MAIDIN,MALE,49,23.80,PAS,SABIRIN MARSONO,MALE,51,16.41,,,,,,,,,,,,,,,,,,,,,,,,,,,,,,,5.37,23.51
WILAYAH PERSEKUTUAN KUALA LUMPUR,P.114,KEPONG,GERAKAN,ONG SIANG LIANG,MALE,48,29.86,DAP,LIM LIP ENG,MALE,46,31.75,,,,,,,,,,,,,,,,,,,,,,,,,,,,,,,,,,,,1.42,36.97
WILAYAH PERSEKUTUAN KUALA LUMPUR,P.115,BATU,GERAKAN,DR. DOMINIC LAU HOE CHAI,MALE,51,30.52,,,,,,PAS,AZHAR YAHYA,MALE,43,21.24,,,,,,,,,,,,,,,,,,,,,INDEPENDENT - ELEPHANT,DATUK V M PANJAMOTHY,MALE,62,0.42,INDEPENDENT - KEY,PRABAKARAN,MALE,22,11.81,4.50,31.50
WILAYAH PERSEKUTUAN KUALA LUMPUR,P.116,WANGSA MAJU,MCA,YEW TEONG LOOK,MALE,62,21.28,PKR,DR. TAN YEE KEW,FEMALE,65,16.18,PAS,HAJI RAZALI BIN TUMIRIN,MALE,56,18.12,,,,,,,,,,,,,,,,,,,,,,,,,,,,,,,14.08,30.34
WILAYAH PERSEKUTUAN KUALA LUMPUR,P.117,SEGAMBUT,myPPP,LOGA BALA MOHAN,MALE,52,11.48,DAP,HANNAH YEOH,FEMALE,39,34.59,PAS,SOLLEH RAZAK,MALE,,10.00,,,,,,,,,,,,,,,,,,,,,,,,,,,,,,,3.28,40.66
WILAYAH PERSEKUTUAN KUALA LUMPUR,P.118,SETIAWANGSA,UMNO,ZULHASNAN BIN RAFIQUE,MALE,64,60.18,PKR,NIK NAZMI BIN NIK AHMAD,MALE,36,11.35,PAS,USTAZ UBAID BIN HAJI ABD AKLA,MALE,,11.63,,,,,,,,,,,,,,,,,,,,,,,,,,,,,,,6.27,10.57
WILAYAH PERSEKUTUAN KUALA LUMPUR,P.119,TITIWANGSA,UMNO,DATUK SERI JOHARI GHANI,MALE,54,51.25,PPBM,RINA MOHD HARUN,FEMALE,45,13.67,PAS,HAJI MOHAMAD NOOR MOHAMAD,MALE,,9.33,,,,,,,,,,,,,,,,,,,,,,,,,,,,,,,7.23,18.53
WILAYAH PERSEKUTUAN KUALA LUMPUR,P.120,BUKIT BINTANG,MCA,ANN TAN EAN EAN,FEMALE,46,48.26,DAP,FONG KUI LUN,MALE,72,20.93,,,,,,PFP,KHAIRUL,MALE,42,2.03,,,,,,,,,,,,,,,,,,,,,,,,,,5.81,22.97
WILAYAH PERSEKUTUAN KUALA LUMPUR,P.121,LEMBAH PANTAI,UMNO,RAJA NONG CHIK,MALE,65,68.19,PKR,FAHMI FADZIL,MALE,37,11.49,PAS,FAUZI BIN ABU BAKAR,MALE,58,5.36,,,,,,,,,,,,,,,,,,,,,,,,,,,,,,,4.20,10.77
WILAYAH PERSEKUTUAN KUALA LUMPUR,P.122,SEPUTEH,MCA,CHAN QUIN ER,FEMALE,31,13.24,DAP,TERESA KOK,FEMALE,54,46.34,,,,,,,,,,,,,,,,,,,,,,,,,,,,,,,,,,,,3.78,36.64
WILAYAH PERSEKUTUAN KUALA LUMPUR,P.123,CHERAS,MCA,HENG SINN YEE,FEMALE,39,23.51,DAP,TAN KOK WAI,MALE,61,37.30,,,,,,,,,,,,,,,,,,,,,,,,,,,,,,,,,,,,4.08,35.11
WILAYAH PERSEKUTUAN KUALA LUMPUR,P.124,BANDAR TUN RAZAK,UMNO,ADNAN BIN SEMAN,MALE,42,27.40,PKR,DATO' KAMARUDIN JAFFAR,MALE,67,18.39,PAS,DR. ROSNI ADAM,FEMALE,48,10.26,,,,,,,,,,,,,,,,,,,,,,,,,,,,,,,5.71,38.24
WILAYAH PERSEKUTUAN PUTRAJAYA,P.125,PUTRAJAYA,UMNO,TENGKU ADNAN BIN TENGKU MANSOR,MALE,68,48.50,PPBM,SAMSU ADABI BIN MAMAT,MALE,49,13.74,PAS,HJ ZAINAL ABIDIN KIDAM,MALE,68,7.27,,,,,,,,,,,,,,,,,,,,,,,,,,,,,,,5.06,25.43
NEGERI SEMBILAN,P.126,JELEBU,UMNO,JALALUDDIN BIN ALIAS,MALE,55,60.22,PAN,IR MUSTAFAR KADIR,MALE,65,15.26,PAS,NORMAN IPIN,MALE,47,8.76,,,,,,,,,,,,,,,,,,,,,,,,,,,,,,,0.42,15.35
NEGERI SEMBILAN,P.127,JEMPOL,UMNO,DATO' HJ SALIM SHARIF,MALE,53,47.79,PPBM,KAMARULZAMAN KAMDIAS,MALE,,14.54,PAS,MUSTAFFA BIN DAHARUN,MALE,60,11.73,,,,,,,,,,,,,,,,,,,,,,,,,,,,,,,8.35,17.59
NEGERI SEMBILAN,P.128,SEREMBAN,MCA,AH CHONG @ CHONG SIN WOON,MALE,44,39.15,DAP,LOKE SIEW FOOK,MALE,42,12.56,PAS,HAJI SHARIFFUDDIN,MALE,56,17.10,,,,,,,,,,,,,,,,,,,,,,,,,,,,,,,11.34,19.85
NEGERI SEMBILAN,P.129,KUALA PILAH,UMNO,HASAN BIN MALEK,MALE,72,45.17,PPBM,EDDIN SYAZLEE SHITH,MALE,44,21.24,PAS,HAJI RAFIEI,MALE,65,9.28,,,,,,,,,,,,,,,,,,,,,,,,,,,,,,,10.33,13.97
NEGERI SEMBILAN,P.130,RASAH,MCA,NG KIAN NAM,MALE,39,31.20,DAP,CHA KEE CHIN,MALE,44,17.22,PAS,USTAZ KHAIRIL ANUAR WAFA,MALE,41,22.41,PAP,DAVID DASS ASEERPATHAM,MALE,,0.00,,,,,,,,,,,,,,,,,,,,,,,,,,8.27,20.90
NEGERI SEMBILAN,P.131,REMBAU,UMNO,KHAIRY JAMALUDDIN,MALE,42,56.64,PKR,LT KOL ROSELI BIN ABDUL GANI (B),MALE,,14.45,PAS,MUSTAFA,MALE,66,6.08,,,,,,,,,,,,,,,,,,,,,,,,,,,,,,,5.80,17.02
NEGERI SEMBILAN,P.132,PORT DICKSON,MIC,DATO VS MOGAN,MALE,50,45.80,PKR,DATO DANYAL,MALE,68,17.10,PAS,USTAZ MAHFUZ ROSLAN,MALE,34,14.11,,,,,,,,,,,,,,,,,,,,,,,,,,,,,,,7.83,15.17
NEGERI SEMBILAN,P.133,TAMPIN,UMNO,SHAZIMAN BIN ABU MANSOR,MALE,54,38.98,PAN,DR HASAN BAHROM,MALE,62,17.02,PAS,MEJAR ABDUL HALIM BIN ABU BAKAR (BERSARA),MALE,52,10.70,,,,,,,,,,,,,,,,,,,,,,,,,,,,,,,18.23,15.07
MELAKA,P.134,MASJID TANAH,UMNO,MAS ERMIEYATI,FEMALE,42,54.90,PPBM,DATUK DR. SABIRIN BIN JA'AFAR,MALE,54,14.24,PAS,USTAZ NASIR OTHMAN,MALE,42,7.52,,,,,,,,,,,,,,,,,,,,,,,,,,,,,,,10.98,12.36
MELAKA,P.135,ALOR GAJAH,MCA,WONG NAI CHEE,MALE,49,44.52,PPBM,MOHD REDZUAN YUSOF (PAK WAN ),MALE,61,18.17,PAS,NAZREE ARIS,MALE,46,10.24,,,,,,,,,,,,,,,,,,,,,,,,,,,,,,,12.20,14.87
MELAKA,P.136,TANGGA BATU,UMNO,DATUK ZALI MAT YASIN.,MALE,,51.21,PKR,PROF. MADYA RUSNAH,FEMALE,56,16.30,PAS,TUAN GURU UST ZULKIFLI ISMAIL,MALE,52,17.64,,,,,,,,,,,,,,,,,,,,,,,,,,,,,,,8.99,5.86
MELAKA,P.137,HANG TUAH JAYA,UMNO,TAN SRI HJ MOHD ALI BIN MOHD RUSTAM,MALE,69,51.03,PKR,SHAMSUL ISKANDAR HAJI MOHD AKIN,MALE,44,16.41,PAS,DR KHALID KASSIM,MALE,,8.59,,,,,,,,,,,,,,,,,,,,,,,,,,,,,,,10.43,13.53
MELAKA,P.138,KOTA MELAKA,MCA,ERIC CHOO WEI SERN,MALE,31,51.17,DAP,KHOO POAY TIONG,MALE,48,23.58,,,,,,,,,,,,,,,,,,,,,,,,,,INDEPENDENT - KEY,GOH LEONG SAN,MALE,,0.84,,,,,,3.60,20.82
MELAKA,P.139,JASIN,UMNO,DATUK SERI HAJI AHMAD HAMZAH,MALE,70,45.10,PAN,KHAIRUDDIN ABU HASSAN,MALE,56,17.25,PAS,ABD. ALIM SHAPIE,MALE,60,11.65,,,,,,,,,,,,,,,,,,,,,,,,,,,,,,,11.72,14.29
JOHOR,P.140,SEGAMAT,MIC,DR. S. SUBRAMANIAM,MALE,65,59.42,PKR,DATO' SERI DR. SANTHARA,MALE,47,11.73,PAS,KHAIRUL FAIZI BIN AHMAD KAMIL,MALE,45,9.80,,,,,,,,,,,,,,,,,,,,,,,,,,,,,,,6.67,12.38
JOHOR,P.141,SEKIJANG,UMNO,DATUK AYUB BIN RAHMAT,MALE,49,56.99,PKR,NATRAH ISMAIL,FEMALE,68,15.33,,,,,,,,,,,,,,,,,,,,,,,,,,,,,,,,,,,,12.75,14.93
JOHOR,P.142,LABIS,MCA,CHUA TEE YONG,MALE,41,55.66,DAP,PANG HOK LIONG,MALE,61,10.19,PAS,DATUK SARCHU SAWAL,MALE,69,10.00,,,,,,,,,,,,,,,,,,,,,,,,,,,,,,,10.00,14.15
JOHOR,P.143,PAGOH,UMNO,ISMAIL BIN MOHAMED,MALE,47,44.38,PPBM,TAN SRI MUHYIDDIN YASSIN,MALE,71,26.98,PAS,AHMAD NAWFAL BIN MAHFODZ,MALE,34,5.56,,,,,,,,,,,,,,,,,,,,,,,,,,,,,,,0.36,22.72
JOHOR,P.144,LEDANG,UMNO,DATUK IR. DR. HJ. HAMIM SAMURI,MALE,60,51.84,PKR,SYED IBRAHIM BIN SYED NOH,MALE,54,17.08,PAS,RUSMAN BIN KEMIN,MALE,,6.22,,,,,,,,,,,,,,,,,,,,,,,,,,,,,,,8.88,15.98
JOHOR,P.145,BAKRI,MCA,KOH CHON CHAI,MALE,51,43.98,DAP,YEO BEE YIN,FEMALE,35,14.55,PAS,ZARUL BIN SALLEH,MALE,39,23.74,,,,,,,,,,,,,,,,,,,,,,,,,,,,,,,4.07,13.66
JOHOR,P.146,MUAR,UMNO,DATUK SERI RAZALI BIN IBRAHIM,MALE,48,46.93,PPBM,SYED SADDIQ,MALE,26,22.71,PAS,CIKGU HAJI ABDUL AZIZ BIN TALIB,MALE,60,8.04,,,,,,,,,,,,,,,,,,,,,,,,,,,,,,,8.80,13.53
JOHOR,P.147,PARIT SULONG,UMNO,DATO' DR. NORAINI AHMAD,FEMALE,51,53.13,PAN,ANIS AFIDA,FEMALE,27,11.69,PAS,AHMAD ROSDI BIN BAHARI,MALE,43,11.69,,,,,,,,,,,,,,,,,,,,,,,,,,,,,,,7.86,15.62
JOHOR,P.148,AYER HITAM,MCA,WEE KA SIONG,MALE,50,50.63,DAP,LIEW CHIN TONG,MALE,41,14.89,PAS,HJ MARDI MARWAN,MALE,,15.05,,,,,,,,,,,,,,,,,,,,,,,,,,,,,,,6.11,13.32
JOHOR,P.149,SRI GADING,UMNO,DATUK AZIZ KAPRAWI,MALE,59,48.36,PPBM,DATUK DR SHAHRUDDIN SALLEH,MALE,62,17.84,PAS,LT KOL HJ M ASHARI SIDON,MALE,58,10.56,,,,,,,,,,,,,,,,,,,,,,,,,,,,,,,5.75,17.49
JOHOR,P.150,BATU PAHAT,UMNO,HALIZA BINTI ABDULLAH,FEMALE,51,46.32,PKR,MOHD RASHID,MALE,58,17.87,PAS,DATO' DR MAHFODZ BIN MOHAMED,MALE,74,13.92,,,,,,,,,,,,,,,,,,,,,,,,,,,,,,,2.93,18.96
JOHOR,P.151,SIMPANG RENGGAM,GERAKAN,LIANG TECK MENG,MALE,47,43.18,PPBM,DR.MASZLEE MALIK,MALE,44,21.25,PAS,HJ JUBRI,MALE,61,9.84,,,,,,,,,,,,,,,,,,,,,,,,,,,,,,,15.77,9.96
JOHOR,P.152,KLUANG,MCA,GAN PING SIEU,MALE,52,53.20,DAP,WONG SHU QI,FEMALE,35,10.59,PAS,HASBULLAH NAJIB,MALE,30,21.44,,,,,,,,,,,,,,,,,,,,,,,,,,,,,,,3.92,10.85
JOHOR,P.153,SEMBRONG,UMNO,DATO' SERI HISHAMMUDDIN TUN HUSSEIN,MALE,57,63.39,PKR,ONN BIN ABU BAKAR,MALE,55,12.25,,,,,,,,,,,,,,,,,,,,,,,,,,,,,,,,,,,,7.41,16.95
JOHOR,P.154,MERSING,UMNO,DR ABD LATIFF,MALE,60,45.16,PPBM,IR MD NASIR BIN HASHIM,MALE,,14.88,PAS,A. RAHMAN BIN A. HAMID,MALE,65,13.12,,,,,,,,,,,,,,,,,,,,,,,,,,,,,,,14.61,12.24
JOHOR,P.155,TENGGARA,UMNO,DATUK SERI DR. ADHAM BIN BABA,MALE,56,55.08,PPBM,NORJEPRI BIN MOHAMED JELANI,MALE,52,12.90,PAS,CIKGU YUHA,FEMALE,43,6.89,,,,,,,,,,,,,,,,,,,,,,,,,,,,,,,13.33,11.80
JOHOR,P.156,KOTA TINGGI,UMNO,DATUK HALIMAH BINTI MOHAMED SADIQUE,FEMALE,56,56.46,PPBM,HJH AZLINDA LATIF,FEMALE,,20.41,,,,,,,,,,,,,,,,,,,,,,,,,,,,,,,,,,,,5.90,17.22
JOHOR,P.157,PENGERANG,UMNO,AZALINA OTHMAN SAID,FEMALE,55,38.80,PPBM,NORLIZA NGADIRAN,FEMALE,,19.26,,,,,,,,,,,,,,,,,,,,,,,,,,,,,,,,,,,,8.47,33.47
JOHOR,P.158,TEBRAU,MCA,HOU KOK CHUNG,MALE,55,31.74,PKR,STEVEN CHOONG,MALE,61,20.15,PAS,USTAZ ABDULLAH HUSIN,MALE,57,16.25,,,,,,,,,,,,,,,,,,,,,,,,,,,,,,,11.92,19.93
JOHOR,P.159,PASIR GUDANG,UMNO,MOHAMED KHALED NORDIN,MALE,60,48.22,PKR,HASSAN BIN ABDUL KARIM,MALE,67,20.75,PAS,AB.AZIZ BIN ABDULLAH,MALE,49,4.23,,,,,,,,,,,,,,,,,,,,,INDEPENDENT - CAR,CHEE JOCK,MALE,69,0.10,,,,,,6.44,20.27
JOHOR,P.160,JOHOR BAHRU,UMNO,TAN SRI SHAHRIR ABDUL SAMAD,MALE,69,54.39,PKR,AKMAL NASIR,MALE,32,18.81,,,,,,,,,,,,,,,,,,,,,,,,,,,,,,,,,,,,8.91,17.89
JOHOR,P.161,PULAI,UMNO,DATUK NUR JAZLAN BIN MOHAMED,MALE,52,46.20,PAN,SALAHUDDIN AYUB,MALE,57,19.58,PAS,DR. MOHD MAZRI BIN YAHYA,MALE,,7.11,,,,,,,,,,,,,,,,,,,,,INDEPENDENT - TELEPHONE,YAP KENG TAK,MALE,59,0.16,,,,,,6.39,20.54
JOHOR,P.162,ISKANDAR PUTERI,MCA,JASON TEOH SEW HOCK,MALE,49,44.58,DAP,LIM KIT SIANG,MALE,77,14.66,,,,,,,,,,,,,,,,,,,,,,,,,,,,,,,,,,,,24.24,16.53
JOHOR,P.163,KULAI,MCA,TANG NAI SOON,MALE,49,40.69,DAP,TEO NIE CHING,FEMALE,37,17.47,PAS,USTAZ JUWAHIR BIN AMIN,MALE,,16.84,,,,,,,,,,,,,,,,,,,,,,,,,,,,,,,5.10,19.90
JOHOR,P.164,PONTIAN,UMNO,DATUK SERI HAJI AHMAD HAJI MASLAN,MALE,52,55.32,PPBM,HAJI KARMAINE BIN SARDINI,MALE,65,12.61,PAS,DR BAHAROM MOHAMAD,MALE,,8.00,,,,,,,,,,,,,,,,,,,,,,,,,,,,,,,3.95,20.13
JOHOR,P.165,TANJUNG PIAI,MCA,WEE JECK SENG,MALE,54,55.40,PPBM,MD FARID,MALE,42,18.09,PAS,NORDIN BIN OTHMAN,MALE,,10.10,,,,,,,,,,,,,,,,,,,,,,,,,,,,,,,7.57,8.84
W.P LABUAN,P.166,LABUAN,UMNO,ROZMAN BIN ISLI,MALE,53,53.86,,,,,,PAS,USTAZ JUNID,MALE,,10.10,PHRS,SITI ZALEHA BINTI S.W. IBRAHIM,FEMALE,,4.16,WARISAN,NOOR HALIM BIN ZAINI,MALE,53,16.44,,,,,,,,,,,,,,,,,,,,,3.37,12.08
SABAH,P.167,KUDAT,UMNO,DATUK ABDUL RAHIM BAKRI DATUK ABDUL RAHIM BAKRI,MALE,56,51.46,,,,,,,,,,,PPRS,MOHD ASHRAF CHIN ABDULLAH,MALE,n/a,0.45,WARISAN,SHARIFF AZMAN SH ALONG,MALE,n/a,18.36,,,,,,,,,,,,,,,,,,,,,11.37,18.36
SABAH,P.168,KOTA MARUDU,PBS,DATUK SERI PANGLIMA DR. MAXIMUS JOHNITY ONGKILI,MALE,64,55.96,,,,,,,,,,,PHRS,DATUK MAIJOL MAHAP,MALE,n/a,6.79,WARISAN,BARLUS BIN MANGABIS,MALE,n/a,6.29,PCS,DR. PAUL PORODONG,MALE,,2.48,,,,,,,,,,,,,,,,4.80,23.68
SABAH,P.169,KOTA BELUD,UMNO,SALLEH SAID KERUAK,MALE,n/a,42.78,,,,,,PAS,HJ. AG LAIMAN BIN HJ. IKIN,MALE,56,1.30,PHRS,MIASIN@AIMADUDDIN BIN MION,MALE,n/a,0.37,WARISAN,MUNIRAH MAJILIS,FEMALE,35,17.80,,,,,,,,,,,,,,,,,,,,,11.00,26.75
SABAH,P.170,TUARAN,UPKO,DATUK SERI PANGLIMA WILFRED MADIUS TANGAU,MALE,59,52.93,PKR,CHRISNADIA SINAM,FEMALE,n/a,13.85,PAS,PAUMIN @ MOHD AMINUDDIN BIN ALING,MALE,n/a,2.23,PHRS,SYRA PETER @ P GOM,FEMALE,n/a,1.53,,,,,,PCS,KALAKAU @ KALAKAN BIN UNTOL @ ENTOL,MALE,,2.46,,,,,,,,,,,,,,,,1.06,25.94
SABAH,P.171,SEPANGGAR,UMNO,ABD RAHMAN BIN DAHLAN,MALE,52,32.87,,,,,,,,,,,SAPP,JEFFREY KUMIN,MALE,n/a,1.22,WARISAN,MOHD AZIS BIN JAMMAN,MALE,43,25.23,PCS,ROBERT SOPINING,MALE,,1.07,,,,,,,,,,,,,,,,10.70,28.90
SABAH,P.172,KOTA KINABALU,PBS,DR. JOSEPH LEE HAN KYUN,MALE,n/a,33.69,DAP,CHAN FOONG HIN,MALE,39,18.09,,,,,,SAPP,YONG TECK LEE,MALE,59,4.61,,,,,,,,,,,,,,,,,,,,,,,,,,10.64,32.98
SABAH,P.173,PUTATAN,UPKO,DATUK DR. MARCUS MAKIN MOJIGOH,MALE,n/a,38.21,PKR,AWANG HUSAINI BIN DATUK SAHARI,MALE,n/a,14.04,PAS,ZULZAIM HILMEE ABIDIN,MALE,n/a,8.39,PHRS,EDMUND JIVOL DOUDILIM,MALE,n/a,3.91,,,,,,ANAK NEGERI,MIL KUSIN ABDILLAH SULAI,MALE,,0.29,,,,,,,,,,,,,,,,1.45,33.72
SABAH,P.174,PENAMPANG,UPKO,CEASAR MANDELA MALAKUN,MALE,28,37.97,,,,,,,,,,,STAR,CLEFTUS STEPHEN SPINE,MALE,n/a,1.21,WARISAN,DARELL LEIKING,MALE,46,35.79,ANAK NEGERI,DR. EDWIN @ JACK BOSI,MALE,,0.60,,,,,,,,,,,,,,,,10.16,14.27
SABAH,P.175,PAPAR,UMNO,ROSNAH HJ ABD RASHID SHIRLIN,FEMALE,45,60.27,,,,,,,,,,,STAR,JAMIL BIN WILLIAM CORE,MALE,n/a,0.45,WARISAN,AHMAD BIN HASSAN,MALE,57,18.38,PCS,ELBERT BIN SIKUIL,MALE,,0.27,,,,,,,,,,,,,,,,6.22,14.41
SABAH,P.176,KIMANIS,UMNO,ANIFAH AMAN,MALE,64,41.94,,,,,,,,,,,PHRS,JAAFAR BIN ISMAIL,MALE,60,3.69,WARISAN,KARIM BIN BUJANG,MALE,64,21.17,,,,,,,,,,,,,,,,,,,,,13.59,19.61
SABAH,P.177,BEAUFORT,UMNO,DATUK AZIZAH BINTI MOHD DUN,FEMALE,57,40.52,PKR,DATUK JOHN OT GHANI,MALE,n/a,5.83,,,,,,PHRS,LAJIM BIN UKIN (DATUK SERI PANGLIMA),MALE,62,15.72,,,,,,,,,,,,,,,,,,,,,,,,,,15.72,22.20
SABAH,P.178,SIPITANG,UMNO,HAFEZ MUSA,MALE,n/a,41.18,,,,,,,,,,,PHRS,DAYANG AEZZY BINTI LIMAN,FEMALE,n/a,3.36,WARISAN,NOOR HAYATY BINTI MUSTAPHA,FEMALE,n/a,21.57,,,,,,,,,,,,,,,,,,,,,2.52,31.37
SABAH,P.179,RANAU,UPKO,DATUK DR. EWON EBIN,MALE,63,39.95,PKR,JONATHAN BIN YASIN,MALE,n/a,29.39,,,,,,STAR,SOUDI @ SAMI BIN ANDANG,MALE,n/a,2.16,,,,,,PCS,ANDAU BIN YASUN @ BRUNO,MALE,,2.42,,,,,,,,,,,,,,,,2.93,23.16
SABAH,P.180,KENINGAU,PBS,DATUK DANIEL KINSIK,MALE,n/a,31.03,,,,,,,,,,,STAR,DATUK DR. JEFFREY KITINGAN,MALE,69,19.50,WARISAN,JAKE NOINTIN,MALE,n/a,15.70,PCS,JIUS BIN AWANG,MALE,,0.24,,,,,,INDEPENDENT - KEY,MAIMIN @ JEFFRUS RIJAN,MALE,n/a,0.12,INDEPENDENT - BOOK,DATUK JUSTIN GUKA,MALE,n/a,0.36,5.23,27.82
SABAH,P.181,TENOM,UMNO,RUBIN BIN BALANG,MALE,n/a,50.56,DAP,NOORITA SUAL,FEMALE,37,19.83,,,,,,PHRS,LAIMOI @ YUSLINAH BINTI LAIKIM,FEMALE,n/a,2.51,,,,,,,,,,,,,,,,,,,,,,,,,,3.91,23.18
SABAH,P.182,PENSIANGAN,PBRS,ARTHUR JOSEPH KURUP,MALE,35,41.87,PKR,RAYMOND BIN AHUAR,MALE,n/a,18.23,,,,,,STAR,RICHARD JOE JIMMY,MALE,n/a,7.39,,,,,,PCS,MAIDIN BIN ATAK @ MAIDIN HAJI OSMAN,MALE,,0.00,,,,,,INDEPENDENT - HOUSE,ENGAH BIN SINTAN,MALE,n/a,0.00,,,,,,6.90,25.62
SABAH,P.183,BELURAN,UMNO,DATUK RONALD KIANDEE,MALE,56,46.30,,,,,,,,,,,PHRS,SIPIN BIN KADANDI,MALE,n/a,1.17,WARISAN,DR. JAPAR BIN ZAIRUN,MALE,48,17.51,PCS,TOIDY LUIT,MALE,,0.78,PPRS,LEM MATIN @ SALIM BIN MATIN,MALE,,0.39,INDEPENDENT - BOOK,SALIMAH BINTI OYONG,FEMALE,n/a,0.00,,,,,,4.67,29.18
SABAH,P.184,LIBARAN,UMNO,ZAKARIA BIN MOHD. EDRIS @ TUBAU,MALE,n/a,51.54,,,,,,,,,,,PHRS,ALFIAN BIN MANSYUR,MALE,34,0.75,WARISAN,IRWANSHAH BIN MUSTAPA,MALE,n/a,15.06,,,,,,,,,,,,,,,,,,,,,18.52,14.13
SABAH,P.185,BATU SAPI,PBS,LINDA TSEN THAU LIN,FEMALE,61,43.91,,,,,,PAS,NORSAH BONGSU,FEMALE,46,9.65,,,,,,WARISAN,LIEW VUI KEONG,MALE,57,14.60,AMANAH,HAMZAH ABDULLAH,MALE,63,3.98,,,,,,,,,,,,,,,,14.96,12.91
SABAH,P.186,SANDAKAN,LDP,LIM MING HOO,MALE,n/a,61.59,DAP,STEPHEN WONG TIEN FATT,MALE,n/a,14.87,,,,,,,,,,,,,,,,,,,,,,,,,,,,,,,,,,,,10.97,12.57
SABAH,P.187,KINABATANGAN,UMNO,BUNG MOKTAR RADIN,MALE,58,63.03,,,,,,,,,,,PHRS,MUSTAPA BIN DATU TAMBUYONG,MALE,n/a,2.78,WARISAN,GHAZALI ABDUL GHANI,MALE,n/a,13.46,,,,,,,,,,,,,,,,,,,,,5.98,14.74
SABAH,P.188,SILAM,UMNO,DATU NASRUN BIN DATU MANSUR,MALE,n/a,41.89,,,,,,PAS,RAMLI BIN PATARUDDIN,MALE,n/a,4.24,PHRS,SITI SHAZIANTI BINTI AJAK,FEMALE,n/a,2.76,WARISAN,MOHAMADDIN BIN KETAPI,MALE,n/a,29.37,,,,,,,,,,,,,,,,,,,,,11.03,10.71
SABAH,P.189,SEMPORNA,UMNO,HAJI RAMLEE MARAHABAN,MALE,54,20.30,,,,,,PAS,ABDUL NASIR BIN AB RAUP,MALE,41,2.12,PHRS,ASMARA BIN ASMAD,MALE,n/a,0.12,WARISAN,MOHD. SHAFIE APDAL,MALE,61,36.86,,,,,,,,,,,,,,,,,,,,,16.69,23.91
SABAH,P.190,TAWAU,PBS,MARY YAP KAIN CHING,FEMALE,66,44.88,PKR,CHRISTINA LIEW,FEMALE,65,18.62,PAS,MOHAMAD BIN HUSAIN,MALE,65,8.38,PHRS,ALIZAMAN BIN JIJURAHMAN,MALE,n/a,3.58,,,,,,,,,,,,,,,,,,,,,,,,,,9.99,14.55
SABAH,P.191,KALABAKAN,UMNO,ABDUL GHAPUR SALLEH,MALE,74,31.04,,,,,,PAS,NORBIN BIN ALOH,MALE,n/a,10.62,PPRS,AHMAD BIN LAHAMA,MALE,n/a,0.76,WARISAN,MA'MUN BIN SULAIMAN,MALE,61,24.02,,,,,,,,,,,,,,,,,,,,,16.12,17.45
SARAWAK,P.192,MAS GADING,PDP,NOGEH ANAK GUMBEK,MALE,61,53.47,DAP,MORDI BIMOL,MALE,33,24.68,,,,,,,,,,,,,,,,,,,,,,,,,,,,,,,,,,,,4.37,17.48
SARAWAK,P.193,SANTUBONG,PBB,WAN JUNAIDI BIN TUANKU JAAFAR,MALE,72,66.87,PAN,FIDZUAN ZAIDI,MALE,40,7.63,,,,,,,,,,,,,,,,,,,,,,,,,,,,,,,,,,,,2.60,22.90
SARAWAK,P.194,PETRA JAYA,PBB,FADILLAH HJ YUSOF,MALE,56,66.92,PKR,DATUK IR. DR NOR IRWAN BIN HJ. AHMAT NOR,MALE,42,9.97,PAS,HAMDAN SANI,MALE,31,1.68,,,,,,,,,,,,,,,,,,,,,,,,,,,,,,,4.02,17.42
SARAWAK,P.195,BANDAR KUCHING,SUPP,KHO TECK WAN,FEMALE,42,51.42,DAP,KELVIN YII LEE WUEN,MALE,32,20.73,,,,,,,,,,,,,,,,,,,,,,,,,,,,,,,,,,,,3.66,24.19
SARAWAK,P.196,STAMPIN,SUPP,DR. SIM KUI HIAN,MALE,53,58.64,DAP,CHONG CHIENG JEN,MALE,47,12.46,,,,,,,,,,,,,,,,,,,,,,,,,,,,,,,,,,,,6.04,22.85
SARAWAK,P.197,KOTA SAMARAHAN,PBB,RUBIAH WANG,FEMALE,50,54.17,PAN,SOPIAN BIN JULAIHI,MALE,,7.55,PAS,ZULKIPLI RAMZI,MALE,42,2.21,,,,,,,,,,,,,,,,,,,,,,,,,,,,,,,4.04,32.03
SARAWAK,P.198,PUNCAK BORNEO,PBB,JEANNOTH SINEL,MALE,53,54.43,PKR,WILLIE MONGIN,MALE,,20.92,,,,,,STAR,BULN RIBOS,MALE,,0.71,,,,,,,,,,,,,,,,,,,,,,,,,,5.14,18.79
SARAWAK,P.199,SERIAN,SUPP,DATO SRI RICHARD RIOT ANAK JAEM,MALE,67,67.19,DAP,EDWARD ANDREW LUWAK,MALE,65,12.97,,,,,,,,,,,,,,,,,,,,,,,,,,INDEPENDENT - FISH,SENIOR ANAK WILLIAM RADE,MALE,,1.96,,,,,,3.73,14.15
SARAWAK,P.200,BATANG SADONG,PBB,DATO' SRI NANCY SHUKRI,FEMALE,57,62.40,PAN,USTAZ. OTHMAN BIN MUSTAPHA @ MOS,MALE,62,5.79,PAS,CIKGU ASAN SINGKRO,MALE,55,3.31,,,,,,,,,,,,,,,,,,,,,,,,,,,,,,,2.89,25.62
SARAWAK,P.201,BATANG LUPAR,PBB,ROHANI KARIM,FEMALE,63,69.69,PAN,NARUDIN BIN MENTALI,MALE,,3.54,PAS,USTAZ WAN ABDILLAH,MALE,46,3.15,,,,,,,,,,,,,,,,,,,,,,,,,,,,,,,4.33,19.29
SARAWAK,P.202,SRI AMAN,PRS,MASIR KUJAT,MALE,64,80.88,PKR,NORINA UMOI ANAK UTOT,FEMALE,,6.74,,,,,,PBDSB,COBBOLD ANAK LUSOI,MALE,56,1.47,,,,,,,,,,,,,,,,,,,,,,,,,,0.86,10.05
SARAWAK,P.203,LUBOK ANTU,PRS,ROBERT PASANG ALAM,MALE,52,49.07,PKR,NICHOLAS BAWIN ANGGAT,MALE,59,14.91,,,,,,,,,,,,,,,,,,,,,,,,,,INDEPENDENT - KEY,JUGAH AK MUYANG,MALE,54,7.45,,,,,,7.45,21.12
SARAWAK,P.204,BETONG,PBB,ROBERT LAWSON CHUAT,MALE,60,46.58,PKR,NOEL CHANGGAI BUCKING,MALE,,2.28,,,,,,,,,,,,,,,,,,,,,,,,,,INDEPENDENT - BOOK,ABANG AHMAD BIN ABANG SUNI,MALE,64,6.08,,,,,,4.30,40.76
SARAWAK,P.205,SARATOK,PDP,SUBENG ANAK MULA,MALE,55,45.17,PKR,ALI BIJU,MALE,50,15.06,,,,,,,,,,,,,,,,,,,,,,,,,,,,,,,,,,,,6.82,32.95
SARAWAK,P.206,TANJONG MANIS,PBB,YUSUF BIN ABD WAHAB,MALE,55,67.35,PAN,FADILLAH SABALI,MALE,37,4.66,,,,,,,,,,,,,,,,,,,,,,,,,,,,,,,,,,,,5.25,22.74
SARAWAK,P.207,IGAN,PBB,AHMAD JOHNIE BIN ZAWAWI,MALE,56,66.67,PAN,HUD ANDRI,MALE,45,5.38,,,,,,,,,,,,,,,,,,,,,,,,,,,,,,,,,,,,2.82,25.13
SARAWAK,P.208,SARIKEI,SUPP,HUANG TIONG SII,MALE,49,54.40,DAP,WONG LING BIU,MALE,59,16.53,,,,,,PBK,WONG CHIN KING,MALE,52,0.53,,,,,,,,,,,,,,,,,,,,,,,,,,8.80,19.73
SARAWAK,P.209,JULAU,PRS,JOSEPH SALANG ANAK GANDUM,MALE,68,53.13,,,,,,,,,,,,,,,,,,,,,,,,,,,,,,,INDEPENDENT - CHAIR,LARRY SOON @ LARRY SNG WEI SHIEN,MALE,39,20.98,,,,,,5.80,20.09
SARAWAK,P.210,KANOWIT,PRS,AGO ANAK DAGANG,MALE,60,60.77,PKR,SATU ANAK ANCHOM,MALE,,12.22,,,,,,,,,,,,,,,,,,,,,,,,,,,,,,,,,,,,7.07,19.94
SARAWAK,P.211,LANANG,SUPP,KONG SIEN CHIU,MALE,46,63.42,DAP,ALICE LAU KIONG YIENG,FEMALE,37,13.85,,,,,,PEACE,PRISCILLA LAU,FEMALE,49,0.65,,,,,,,,,,,,,,,,,,,,,,,,,,4.98,17.10
SARAWAK,P.212,SIBU,SUPP,WONG KEE YEW,MALE,42,64.67,DAP,OSCAR LING CHAI YEW,MALE,41,12.42,,,,,,PEACE,TIEW YEN HOUNG,FEMALE,42,0.80,STAR,TIONG ING TUNG,MALE,,0.19,,,,,,,,,,,,,,,,,,,,,6.55,15.38
SARAWAK,P.213,MUKAH,PBB,HANIFAH HAJAR TAIB,FEMALE,46,61.83,PKR,ABDUL JALIL BUJANG,MALE,57,12.15,,,,,,,,,,,,,,,,,,,,,,,,,,,,,,,,,,,,0.85,25.16
SARAWAK,P.214,SELANGAU,PRS,RITA INSOL,FEMALE,57,55.02,PKR,BARU BIAN,MALE,60,22.89,,,,,,,,,,,,,,,,,,,,,,,,,,,,,,,,,,,,3.21,18.88
SARAWAK,P.215,KAPIT,PBB,DATUK ALEXANDER NANTA LINGGI,MALE,60,64.86,DAP,PAREN ANAK NYAWI,MALE,37,8.29,,,,,,,,,,,,,,,,,,,,,,,,,,,,,,,,,,,,12.25,14.59
SARAWAK,P.216,HULU RAJANG,PRS,WILSON UGAK ANAK KUMBONG,MALE,56,52.03,PKR,ABUN SUI ANYIT,MALE,,12.60,,,,,,,,,,,,,,,,,,,,,,,,,,,,,,,,,,,,8.13,27.24
SARAWAK,P.217,BINTULU,PDP,DATO' SERI TIONG KING SING,MALE,57,79.89,DAP,CHIEW CHAN YEW,MALE,31,9.35,,,,,,STAR,CHIENG LEA PHING,MALE,,0.35,,,,,,,,,,,,,,,,,,,,,,,,,,1.59,8.82
SARAWAK,P.218,SIBUTI,PBB,LUKANISMAN BIN AWANG SAUNI,MALE,36,62.50,PKR,JEMAT PANJANG,MALE,,13.14,PAS,ANAI ZULAI,MALE,49,0.96,,,,,,,,,,,,,,,,,,,,,,,,,,,,,,,9.29,14.10
SARAWAK,P.219,MIRI,SUPP,SEBASTIAN TING CHIEW YEW,MALE,63,61.49,PKR,MICHAEL TEO YU KENG,MALE,,12.88,,,,,,,,,,,,,,,,,,,,,,,,,,,,,,,,,,,,11.87,13.76
SARAWAK,P.220,BARAM,PDP,ANYI NGAU,MALE,60,50.23,PKR,ROLAND ENGAN,MALE,46,18.14,,,,,,,,,,,,,,,,,,,,,,,,,,,,,,,,,,,,8.37,23.26
SARAWAK,P.221,LIMBANG,PBB,HASBI BIN HABIBOLLAH,MALE,55,68.59,PKR,DR. RICARDO YAMPIL BABA,MALE,59,3.58,,,,,,,,,,,,,,,,,,,,,,,,,,,,,,,,,,,,1.59,26.24
SARAWAK,P.222,LAWAS,PBB,HENRY SUM AGONG,MALE,72,48.15,PKR,DANNY PIRI,MALE,,3.70,,,,,,,,,,,,,,,,,,,,,,,,,,INDEPENDENT - KEY,MOHAMMAD BIN HAJI BRAHIM,MALE,,1.01,,,,,,1.35,45.79
